"titulo";"anio";"productora";"nombre_director";"apellidos_director"
"ACADEMY DINOSAUR";"2006";"Metro Columbia";"CHRISTIAN";"CAGE"
"ACE GOLDFINGER";"2006";"Metro Columbia";"BOB";"DEPP"
"ADAPTATION HOLES";"2006";"Metro Columbia";"BOB";"DENCH"
"AFFAIR PREJUDICE";"2006";"Metro Columbia";"FAY";"DAMON"
"AFRICAN EGG";"2006";"Metro Columbia";"DUSTIN";"CARREY"
"AGENT TRUMAN";"2006";"Metro Columbia";"JAYNE";"HOFFMAN"
"AIRPLANE SIERRA";"2006";"Metro Columbia";"JIM";"BOLGER"
"AIRPORT POLLOCK";"2006";"Metro Columbia";"FAY";"DAVIS"
"ALABAMA DEVIL";"2006";"Metro Columbia";"CHRISTIAN";"ALLEN"
"ALADDIN CALENDAR";"2006";"Metro Columbia";"ALEC";"BOLGER"
"ALAMO VIDEOTAPE";"2006";"Metro Columbia";"JOHNNY";"BENING"
"ALASKA PHANTOM";"2006";"Metro Columbia";"ALBERT";"BOLGER"
"ALI FOREVER";"2006";"Metro Columbia";"CARY";"BERRY"
"ALICE FANTASIA";"2006";"Metro Columbia";"MINNIE";"DUKAKIS"
"ALIEN CENTER";"2006";"Metro Columbia";"BURT";"CROWE"
"ALLEY EVOLUTION";"2006";"Metro Columbia";"ALBERT";"BERRY"
"ALONE TRIP";"2006";"Metro Columbia";"CHRIS";"BALL"
"ALTER VICTORY";"2006";"Metro Columbia";"ANGELA";"KILMER"
"AMADEUS HOLY";"2006";"Metro Columbia";"JAMES";"BOLGER"
"AMELIE HELLFIGHTERS";"2006";"Metro Columbia";"CARMEN";"BRODY"
"AMERICAN CIRCUS";"2006";"Metro Columbia";"FRANCES";"BLOOM"
"AMISTAD MIDSUMMER";"2006";"Metro Columbia";"CARY";"BENING"
"ANACONDA CONFESSIONS";"2006";"Metro Columbia";"ELVIS";"DAVIS"
"ANALYZE HOOSIERS";"2006";"Metro Columbia";"ED";"BAILEY"
"ANGELS LIFE";"2006";"Metro Columbia";"CHRISTOPHER";"BALL"
"ANNIE IDENTITY";"2006";"Metro Columbia";"ADAM";"GRANT"
"ANONYMOUS HUMAN";"2006";"Metro Columbia";"ED";"DAVIS"
"ANTHEM LUKE";"2006";"Metro Columbia";"MILLA";"KEITEL"
"ANTITRUST TOMATOES";"2006";"Metro Columbia";"BETTE";"BALL"
"ANYTHING SAVANNAH";"2006";"Metro Columbia";"CHRISTOPHER";"MONROE"
"APACHE DIVINE";"2006";"Metro Columbia";"ANNE";"BERRY"
"APOCALYPSE FLAMINGOS";"2006";"Metro Columbia";"MAE";"BASINGER"
"APOLLO TEEN";"2006";"Metro Columbia";"ALBERT";"AKROYD"
"ARABIA DOGMA";"2006";"Metro Columbia";"BURT";"BACALL"
"ARACHNOPHOBIA ROLLERCOASTER";"2006";"Metro Columbia";"CUBA";"ALLEN"
"ARGONAUTS TOWN";"2006";"Metro Columbia";"DAN";"BARRYMORE"
"ARIZONA BANG";"2006";"Metro Columbia";"GRETA";"BACALL"
"ARK RIDGEMONT";"2006";"Metro Columbia";"AUDREY";"BAILEY"
"ARMAGEDDON LOST";"2006";"Metro Columbia";"ANGELA";"ALLEN"
"ARMY FLINTSTONES";"2006";"Metro Columbia";"CARY";"CARREY"
"ARSENIC INDEPENDENCE";"2006";"Metro Columbia";"CUBA";"ALLEN"
"ARTIST COLDBLOODED";"2006";"Metro Columbia";"ED";"ALLEN"
"ATLANTIS CAUSE";"2006";"Metro Columbia";"AUDREY";"BIRCH"
"ATTACKS HATE";"2006";"Metro Columbia";"BURT";"DUNST"
"ATTRACTION NEWTON";"2006";"Metro Columbia";"CHRISTOPHER";"PENN"
"AUTUMN CROW";"2006";"Metro Columbia";"ANGELA";"HUDSON"
"BABY HALL";"2006";"Metro Columbia";"CHARLIZE";"BASINGER"
"BACKLASH UNDEFEATED";"2006";"Metro Columbia";"CHRISTIAN";"AKROYD"
"BADMAN DAWN";"2006";"Metro Columbia";"ALAN";"ALLEN"
"BAKED CLEOPATRA";"2006";"Metro Columbia";"MICHELLE";"MCCONAUGHEY"
"BALLOON HOMEWARD";"2006";"Metro Columbia";"GARY";"BALL"
"BALLROOM MOCKINGBIRD";"2006";"Metro Columbia";"ADAM";"BALE"
"BANG KWAI";"2006";"Metro Columbia";"BETTE";"BARRYMORE"
"BANGER PINOCCHIO";"2006";"Metro Columbia";"AUDREY";"BAILEY"
"BARBARELLA STREETCAR";"2006";"Metro Columbia";"ALAN";"ALLEN"
"BAREFOOT MANCHURIAN";"2006";"Metro Columbia";"DARYL";"CRAWFORD"
"BASIC EASY";"2006";"Metro Columbia";"EMILY";"BAILEY"
"BEACH HEARTBREAKERS";"2006";"Metro Columbia";"BEN";"HOFFMAN"
"BEAR GRACELAND";"2006";"Metro Columbia";"BEN";"CRONYN"
"BEAST HUNCHBACK";"2006";"Metro Columbia";"ANGELINA";"ASTAIRE"
"BEAUTY GREASE";"2006";"Metro Columbia";"CAMERON";"BENING"
"BED HIGHBALL";"2006";"Metro Columbia";"ALBERT";"BAILEY"
"BEDAZZLED MARRIED";"2006";"Metro Columbia";"DAN";"BULLOCK"
"BEETHOVEN EXORCIST";"2006";"Metro Columbia";"BELA";"BASINGER"
"BEHAVIOR RUNAWAY";"2006";"Metro Columbia";"DARYL";"GUINESS"
"BENEATH RUSH";"2006";"Metro Columbia";"ANGELINA";"ASTAIRE"
"BERETS AGENT";"2006";"Metro Columbia";"ANGELA";"ALLEN"
"BETRAYED REAR";"2006";"Metro Columbia";"ANGELINA";"AKROYD"
"BEVERLY OUTLAW";"2006";"Metro Columbia";"JODIE";"CRUZ"
"BIKINI BORROWERS";"2006";"Metro Columbia";"BETTE";"CRONYN"
"BILKO ANONYMOUS";"2006";"Metro Columbia";"ELLEN";"BRODY"
"BILL OTHERS";"2006";"Metro Columbia";"AL";"BRIDGES"
"BINGO TALENTED";"2006";"Metro Columbia";"CAMERON";"BALL"
"BIRCH ANTITRUST";"2006";"Metro Columbia";"ALAN";"CARREY"
"BIRD INDEPENDENCE";"2006";"Metro Columbia";"FAY";"KILMER"
"BIRDCAGE CASPER";"2006";"Metro Columbia";"KENNETH";"BALL"
"BIRDS PERDITION";"2006";"Metro Columbia";"GARY";"DERN"
"BLACKOUT PRIVATE";"2006";"Metro Columbia";"CAMERON";"CARREY"
"BLADE POLISH";"2006";"Metro Columbia";"ALEC";"DAVIS"
"BLANKET BEVERLY";"2006";"Metro Columbia";"ALAN";"COSTNER"
"BLINDNESS GUN";"2006";"Metro Columbia";"ADAM";"BRIDGES"
"BLOOD ARGONAUTS";"2006";"Metro Columbia";"ADAM";"BIRCH"
"BLUES INSTINCT";"2006";"Metro Columbia";"CAMERON";"CARREY"
"BOILED DARES";"2006";"Metro Columbia";"DAN";"FAWCETT"
"BONNIE HOLOCAUST";"2006";"Metro Columbia";"ED";"BERRY"
"BOOGIE AMELIE";"2006";"Metro Columbia";"GENE";"ALLEN"
"BOONDOCK BALLROOM";"2006";"Metro Columbia";"AUDREY";"BAILEY"
"BORN SPINAL";"2006";"Metro Columbia";"DAN";"ALLEN"
"BORROWERS BEDAZZLED";"2006";"Metro Columbia";"CUBA";"CHASE"
"BOULEVARD MOB";"2006";"Metro Columbia";"ANGELA";"AKROYD"
"BOUND CHEAPER";"2006";"Metro Columbia";"CUBA";"BERRY"
"BOWFINGER GABLES";"2006";"Metro Columbia";"CARMEN";"BERRY"
"BRANNIGAN SUNRISE";"2006";"Metro Columbia";"KENNETH";"CRAWFORD"
"BRAVEHEART HUMAN";"2006";"Metro Columbia";"JANE";"AKROYD"
"BREAKFAST GOLDFINGER";"2006";"Metro Columbia";"AL";"ASTAIRE"
"BREAKING HOME";"2006";"Metro Columbia";"CARMEN";"HOFFMAN"
"BRIDE INTRIGUE";"2006";"Metro Columbia";"ANGELA";"HUDSON"
"BRIGHT ENCOUNTERS";"2006";"Metro Columbia";"ALBERT";"ALLEN"
"BRINGING HYSTERICAL";"2006";"Metro Columbia";"ANGELA";"DAY-LEWIS"
"BROOKLYN DESERT";"2006";"Metro Columbia";"ALBERT";"DEGENERES"
"BROTHERHOOD BLANKET";"2006";"Metro Columbia";"DARYL";"COSTNER"
"BUBBLE GROSSE";"2006";"Metro Columbia";"MENA";"BASINGER"
"BUCKET BROTHERHOOD";"2006";"Metro Columbia";"BURT";"AKROYD"
"BUGSY SONG";"2006";"Metro Columbia";"KIRSTEN";"AKROYD"
"BULL SHAWSHANK";"2006";"Metro Columbia";"ALEC";"DENCH"
"BULWORTH COMMANDMENTS";"2006";"Metro Columbia";"ALAN";"BENING"
"BUNCH MINDS";"2006";"Metro Columbia";"CHRIS";"BERRY"
"BUTCH PANTHER";"2006";"Metro Columbia";"CARMEN";"DUNST"
"BUTTERFLY CHOCOLAT";"2006";"Metro Columbia";"BURT";"ALLEN"
"CABIN FLASH";"2006";"Metro Columbia";"ALEC";"BALL"
"CADDYSHACK JEDI";"2006";"Metro Columbia";"ED";"CHASE"
"CALENDAR GUNFIGHT";"2006";"Metro Columbia";"BETTE";"DEGENERES"
"CALIFORNIA BIRDS";"2006";"Metro Columbia";"RUSSELL";"BENING"
"CAMELOT VACATION";"2006";"Metro Columbia";"ALBERT";"CRUISE"
"CAMPUS REMEMBER";"2006";"Metro Columbia";"MATTHEW";"JOHANSSON"
"CANDIDATE PERDITION";"2006";"Metro Columbia";"MORGAN";"CROWE"
"CANDLES GRAPES";"2006";"Metro Columbia";"ALBERT";"DENCH"
"CANYON STOCK";"2006";"Metro Columbia";"MATTHEW";"BOLGER"
"CAPER MOTIONS";"2006";"Metro Columbia";"AUDREY";"AKROYD"
"CARIBBEAN LIBERTY";"2006";"Metro Columbia";"BEN";"ALLEN"
"CAROL TEXAS";"2006";"Metro Columbia";"BEN";"BASINGER"
"CARRIE BUNCH";"2006";"Metro Columbia";"ANGELINA";"ASTAIRE"
"CASABLANCA SUPER";"2006";"Metro Columbia";"ANGELA";"AKROYD"
"CASPER DRAGONFLY";"2006";"Metro Columbia";"ELLEN";"CRUZ"
"CASSIDY WYOMING";"2006";"Metro Columbia";"ANGELA";"DEE"
"CASUALTIES ENCINO";"2006";"Metro Columbia";"CAMERON";"DAVIS"
"CAT CONEHEADS";"2006";"Metro Columbia";"ANGELA";"BALL"
"CATCH AMISTAD";"2006";"Metro Columbia";"CHRISTIAN";"AKROYD"
"CAUSE DATE";"2006";"Metro Columbia";"DUSTIN";"HACKMAN"
"CELEBRITY HORN";"2006";"Metro Columbia";"ANGELA";"LEIGH"
"CENTER DINOSAUR";"2006";"Metro Columbia";"ALEC";"GUINESS"
"CHAINSAW UPTOWN";"2006";"Metro Columbia";"GENE";"HOPKINS"
"CHAMBER ITALIAN";"2006";"Metro Columbia";"ADAM";"BERRY"
"CHAMPION FLATLINERS";"2006";"Metro Columbia";"CAMERON";"CRUISE"
"CHANCE RESURRECTION";"2006";"Metro Columbia";"ANGELA";"AKROYD"
"CHAPLIN LICENSE";"2006";"Metro Columbia";"CUBA";"ALLEN"
"CHARADE DUFFEL";"2006";"Metro Columbia";"GREG";"AKROYD"
"CHARIOTS CONSPIRACY";"2006";"Metro Columbia";"GINA";"BOLGER"
"CHASING FIGHT";"2006";"Metro Columbia";"FAY";"HOPPER"
"CHEAPER CLYDE";"2006";"Metro Columbia";"LUCILLE";"GUINESS"
"CHICAGO NORTH";"2006";"Metro Columbia";"BURT";"ALLEN"
"CHICKEN HELLFIGHTERS";"2006";"Metro Columbia";"HENRY";"BERRY"
"CHILL LUCK";"2006";"Metro Columbia";"BURT";"HAWKE"
"CHINATOWN GLADIATOR";"2006";"Metro Columbia";"BOB";"BAILEY"
"CHISUM BEHAVIOR";"2006";"Metro Columbia";"FAY";"FAWCETT"
"CHITTY LOCK";"2006";"Metro Columbia";"AL";"BOLGER"
"CHOCOLAT HARRY";"2006";"Metro Columbia";"JANE";"CRAWFORD"
"CHOCOLATE DUCK";"2006";"Metro Columbia";"CAMERON";"DENCH"
"CHRISTMAS MOONSHINE";"2006";"Metro Columbia";"EMILY";"DEE"
"CIDER DESIRE";"2006";"Metro Columbia";"FRANCES";"CHASE"
"CINCINATTI WHISPERER";"2006";"Metro Columbia";"ANNE";"ALLEN"
"CIRCUS YOUTH";"2006";"Metro Columbia";"BOB";"CARREY"
"CITIZEN SHREK";"2006";"Metro Columbia";"BEN";"BLOOM"
"CLASH FREDDY";"2006";"Metro Columbia";"ALAN";"ALLEN"
"CLEOPATRA DEVIL";"2006";"Metro Columbia";"EWAN";"ALLEN"
"CLERKS ANGELS";"2006";"Metro Columbia";"ADAM";"CRONYN"
"CLOCKWORK PARADISE";"2006";"Metro Columbia";"KEVIN";"DEE"
"CLONES PINOCCHIO";"2006";"Metro Columbia";"ANGELA";"CROWE"
"CLOSER BANG";"2006";"Metro Columbia";"ED";"DEGENERES"
"CLUB GRAFFITI";"2006";"Metro Columbia";"DEBBIE";"AKROYD"
"CLUE GRAIL";"2006";"Metro Columbia";"GENE";"ALLEN"
"CLUELESS BUCKET";"2006";"Metro Columbia";"ADAM";"CHASE"
"CLYDE THEORY";"2006";"Metro Columbia";"GREG";"ALLEN"
"COAST RAINBOW";"2006";"Metro Columbia";"ANGELA";"DAY-LEWIS"
"COLDBLOODED DARLING";"2006";"Metro Columbia";"BEN";"DEGENERES"
"COLOR PHILADELPHIA";"2006";"Metro Columbia";"CHRISTOPHER";"CRAWFORD"
"COMA HEAD";"2006";"Metro Columbia";"CAMERON";"HESTON"
"COMANCHEROS ENEMY";"2006";"Metro Columbia";"CATE";"BALL"
"COMFORTS RUSH";"2006";"Metro Columbia";"BELA";"GARLAND"
"COMMAND DARLING";"2006";"Metro Columbia";"BURT";"BERGMAN"
"COMMANDMENTS EXPRESS";"2006";"Metro Columbia";"BURT";"BIRCH"
"CONEHEADS SMOOCHY";"2006";"Metro Columbia";"ALEC";"BARRYMORE"
"CONFESSIONS MAGUIRE";"2006";"Metro Columbia";"AUDREY";"BACALL"
"CONFIDENTIAL INTERVIEW";"2006";"Metro Columbia";"PARKER";"DERN"
"CONFUSED CANDLES";"2006";"Metro Columbia";"ALBERT";"AKROYD"
"CONGENIALITY QUEST";"2006";"Metro Columbia";"CHRISTOPHER";"BERRY"
"CONNECTICUT TRAMP";"2006";"Metro Columbia";"ALBERT";"BASINGER"
"CONNECTION MICROCOSMOS";"2006";"Metro Columbia";"CAMERON";"BASINGER"
"CONQUERER NUTS";"2006";"Metro Columbia";"CAMERON";"BERRY"
"CONSPIRACY SPIRIT";"2006";"Metro Columbia";"CHRISTOPHER";"HOPPER"
"CONTACT ANONYMOUS";"2006";"Metro Columbia";"CHRISTOPHER";"BERRY"
"CONTROL ANTHEM";"2006";"Metro Columbia";"AUDREY";"DENCH"
"CONVERSATION DOWNHILL";"2006";"Metro Columbia";"CHRIS";"BRIDGES"
"CORE SUIT";"2006";"Metro Columbia";"ANGELA";"CRONYN"
"COWBOY DOOM";"2006";"Metro Columbia";"ED";"CHASE"
"CRAFT OUTFIELD";"2006";"Metro Columbia";"HENRY";"BERGMAN"
"CRANES RESERVOIR";"2006";"Metro Columbia";"ANGELINA";"ASTAIRE"
"CRAZY HOME";"2006";"Metro Columbia";"ALAN";"BACALL"
"CREATURES SHAKESPEARE";"2006";"Metro Columbia";"GROUCHO";"DAVIS"
"CREEPERS KANE";"2006";"Metro Columbia";"CHRISTOPHER";"BENING"
"CROOKED FROGMEN";"2006";"Metro Columbia";"ALBERT";"BULLOCK"
"CROSSING DIVORCE";"2006";"Metro Columbia";"JUDE";"CRUISE"
"CROSSROADS CASUALTIES";"2006";"Metro Columbia";"BETTE";"GIBSON"
"CROW GREASE";"2006";"Metro Columbia";"CAMERON";"BRIDGES"
"CROWDS TELEMARK";"2006";"Metro Columbia";"ANNE";"CARREY"
"CRUELTY UNFORGIVEN";"2006";"Metro Columbia";"GREG";"CHAPLIN"
"CRUSADE HONEY";"2006";"Metro Columbia";"ALBERT";"GUINESS"
"CRYSTAL BREAKING";"2006";"Metro Columbia";"FAY";"BERGMAN"
"CUPBOARD SINNERS";"2006";"Metro Columbia";"CAMERON";"AKROYD"
"CURTAIN VIDEOTAPE";"2006";"Metro Columbia";"EWAN";"GOODING"
"CYCLONE FAMILY";"2006";"Metro Columbia";"HELEN";"CRAWFORD"
"DADDY PITTSBURGH";"2006";"Metro Columbia";"DARYL";"CRAWFORD"
"DAISY MENAGERIE";"2006";"Metro Columbia";"CARMEN";"BRODY"
"DALMATIONS SWEDEN";"2006";"Metro Columbia";"AL";"BLOOM"
"DANCES NONE";"2006";"Metro Columbia";"MAE";"CAGE"
"DANCING FEVER";"2006";"Metro Columbia";"JANE";"BRODY"
"DANGEROUS UPTOWN";"2006";"Metro Columbia";"ALBERT";"AKROYD"
"DARES PLUTO";"2006";"Metro Columbia";"BOB";"BERRY"
"DARKNESS WAR";"2006";"Metro Columbia";"GENE";"DEGENERES"
"DARKO DORADO";"2006";"Metro Columbia";"DUSTIN";"MALDEN"
"DARLING BREAKING";"2006";"Metro Columbia";"FRANCES";"DAY-LEWIS"
"DARN FORRESTER";"2006";"Metro Columbia";"BOB";"BRIDGES"
"DATE SPEED";"2006";"Metro Columbia";"JUDE";"BERRY"
"DAUGHTER MADIGAN";"2006";"Metro Columbia";"ED";"DEE"
"DAWN POND";"2006";"Metro Columbia";"GROUCHO";"ALLEN"
"DAY UNFAITHFUL";"2006";"Metro Columbia";"ANGELA";"BERRY"
"DAZED PUNK";"2006";"Metro Columbia";"BEN";"FAWCETT"
"DECEIVER BETRAYED";"2006";"Metro Columbia";"ALBERT";"COSTNER"
"DEEP CRUSADE";"2006";"Metro Columbia";"GENE";"DAMON"
"DEER VIRGINIAN";"2006";"Metro Columbia";"GINA";"BERGMAN"
"DELIVERANCE MULHOLLAND";"2006";"Metro Columbia";"FRED";"COSTNER"
"DESERT POSEIDON";"2006";"Metro Columbia";"BURT";"BALL"
"DESIRE ALIEN";"2006";"Metro Columbia";"ANGELINA";"ASTAIRE"
"DESPERATE TRAINSPOTTING";"2006";"Metro Columbia";"CARY";"BALL"
"DESTINATION JERK";"2006";"Metro Columbia";"CAMERON";"CRAWFORD"
"DESTINY SATURDAY";"2006";"Metro Columbia";"ALEC";"BLOOM"
"DETAILS PACKER";"2006";"Metro Columbia";"MICHELLE";"MCCONAUGHEY"
"DETECTIVE VISION";"2006";"Metro Columbia";"ANGELA";"TORN"
"DEVIL DESIRE";"2006";"Metro Columbia";"ED";"AKROYD"
"DIARY PANIC";"2006";"Metro Columbia";"DARYL";"CRAWFORD"
"DINOSAUR SECRETARY";"2006";"Metro Columbia";"BURT";"BACALL"
"DIRTY ACE";"2006";"Metro Columbia";"GEOFFREY";"ALLEN"
"DISCIPLE MOTHER";"2006";"Metro Columbia";"ADAM";"BARRYMORE"
"DISTURBING SCARFACE";"2006";"Metro Columbia";"ANGELINA";"ASTAIRE"
"DIVIDE MONSTER";"2006";"Metro Columbia";"ALAN";"AKROYD"
"DIVINE RESURRECTION";"2006";"Metro Columbia";"CHRISTIAN";"GABLE"
"DIVORCE SHINING";"2006";"Metro Columbia";"CHRISTIAN";"MCDORMAND"
"DOCTOR GRAIL";"2006";"Metro Columbia";"ALBERT";"CHASE"
"DOGMA FAMILY";"2006";"Metro Columbia";"CHRISTOPHER";"BERRY"
"DOLLS RAGE";"2006";"Metro Columbia";"CARY";"MCCONAUGHEY"
"DONNIE ALLEY";"2006";"Metro Columbia";"DUSTIN";"BASINGER"
"DOOM DANCING";"2006";"Metro Columbia";"CAMERON";"AKROYD"
"DOORS PRESIDENT";"2006";"Metro Columbia";"CHRISTIAN";"AKROYD"
"DORADO NOTTING";"2006";"Metro Columbia";"AUDREY";"BAILEY"
"DOUBLE WRATH";"2006";"Metro Columbia";"BURT";"BALE"
"DOUBTFIRE LABYRINTH";"2006";"Metro Columbia";"HARRISON";"BALE"
"DOWNHILL ENOUGH";"2006";"Metro Columbia";"BEN";"CRAWFORD"
"DOZEN LION";"2006";"Metro Columbia";"BEN";"BRODY"
"DRACULA CRYSTAL";"2006";"Metro Columbia";"BEN";"CHAPLIN"
"DRAGON SQUAD";"2006";"Metro Columbia";"ALBERT";"CRONYN"
"DRAGONFLY STRANGERS";"2006";"Metro Columbia";"ANGELINA";"ASTAIRE"
"DREAM PICKUP";"2006";"Metro Columbia";"HUMPHREY";"CHASE"
"DRIFTER COMMANDMENTS";"2006";"Metro Columbia";"AL";"BAILEY"
"DRIVER ANNIE";"2006";"Metro Columbia";"CHARLIZE";"AKROYD"
"DRIVING POLISH";"2006";"Metro Columbia";"MATTHEW";"BERGEN"
"DROP WATERFRONT";"2006";"Metro Columbia";"BETTE";"BAILEY"
"DRUMS DYNAMITE";"2006";"Metro Columbia";"JEFF";"BERGEN"
"DUCK RACER";"2006";"Metro Columbia";"PENELOPE";"CRONYN"
"DUDE BLINDNESS";"2006";"Metro Columbia";"ANGELA";"BENING"
"DUFFEL APOCALYPSE";"2006";"Metro Columbia";"CARY";"GOODING"
"DUMBO LUST";"2006";"Metro Columbia";"ED";"BERRY"
"DURHAM PANKY";"2006";"Metro Columbia";"BEN";"BENING"
"DWARFS ALTER";"2006";"Metro Columbia";"MARY";"KEITEL"
"DYING MAKER";"2006";"Metro Columbia";"GROUCHO";"BOLGER"
"DYNAMITE TARZAN";"2006";"Metro Columbia";"BOB";"BIRCH"
"EAGLES PANKY";"2006";"Metro Columbia";"CHRIS";"COSTNER"
"EARLY HOME";"2006";"Metro Columbia";"BEN";"DAMON"
"EARRING INSTINCT";"2006";"Metro Columbia";"FRED";"COSTNER"
"EARTH VISION";"2006";"Metro Columbia";"JAYNE";"NOLTE"
"EASY GLADIATOR";"2006";"Metro Columbia";"ED";"COSTNER"
"EDGE KISSING";"2006";"Metro Columbia";"ANGELA";"BIRCH"
"EFFECT GLADIATOR";"2006";"Metro Columbia";"ALEC";"BARRYMORE"
"EGG IGBY";"2006";"Metro Columbia";"LUCILLE";"GIBSON"
"EGYPT TENENBAUMS";"2006";"Metro Columbia";"CHRIS";"DAVIS"
"ELEMENT FREDDY";"2006";"Metro Columbia";"ANGELA";"GIBSON"
"ELEPHANT TROJAN";"2006";"Metro Columbia";"CAMERON";"BALE"
"ELF MURDER";"2006";"Metro Columbia";"ALBERT";"BAILEY"
"ELIZABETH SHANE";"2006";"Metro Columbia";"BEN";"KILMER"
"EMPIRE MALKOVICH";"2006";"Metro Columbia";"CUBA";"COSTNER"
"ENCINO ELF";"2006";"Metro Columbia";"BEN";"CAGE"
"ENCOUNTERS CURTAIN";"2006";"Metro Columbia";"ALEC";"CRONYN"
"ENDING CROWDS";"2006";"Metro Columbia";"BURT";"CAGE"
"ENEMY ODDS";"2006";"Metro Columbia";"BELA";"BERGEN"
"ENGLISH BULWORTH";"2006";"Metro Columbia";"FAY";"LEIGH"
"ENOUGH RAGING";"2006";"Metro Columbia";"AL";"BOLGER"
"ENTRAPMENT SATISFACTION";"2006";"Metro Columbia";"FRANCES";"COSTNER"
"ESCAPE METROPOLIS";"2006";"Metro Columbia";"ED";"HOPKINS"
"EVE RESURRECTION";"2006";"Metro Columbia";"ED";"BENING"
"EVERYONE CRAFT";"2006";"Metro Columbia";"GOLDIE";"BRODY"
"EVOLUTION ALTER";"2006";"Metro Columbia";"ANGELA";"GUINESS"
"EXCITEMENT EVE";"2006";"Metro Columbia";"GINA";"BERGEN"
"EXORCIST STING";"2006";"Metro Columbia";"ANGELA";"ALLEN"
"EXPECATIONS NATURAL";"2006";"Metro Columbia";"DARYL";"BULLOCK"
"EXPENDABLE STALLION";"2006";"Metro Columbia";"DUSTIN";"DAY-LEWIS"
"EXPRESS LONELY";"2006";"Metro Columbia";"ALBERT";"GOLDBERG"
"EXTRAORDINARY CONQUERER";"2006";"Metro Columbia";"CHRIS";"BALL"
"EYES DRIVING";"2006";"Metro Columbia";"DAN";"BENING"
"FACTORY DRAGON";"2006";"Metro Columbia";"CATE";"BERRY"
"FALCON VOLUME";"2006";"Metro Columbia";"ED";"MANSFIELD"
"FAMILY SWEET";"2006";"Metro Columbia";"BURT";"AKROYD"
"FANTASIA PARK";"2006";"Metro Columbia";"GROUCHO";"BALE"
"FANTASY TROOPERS";"2006";"Metro Columbia";"BELA";"CHAPLIN"
"FARGO GANDHI";"2006";"Metro Columbia";"CHRISTOPHER";"DAMON"
"FATAL HAUNTED";"2006";"Metro Columbia";"ANGELA";"DEGENERES"
"FEATHERS METAL";"2006";"Metro Columbia";"CHARLIZE";"AKROYD"
"FELLOWSHIP AUTUMN";"2006";"Metro Columbia";"CHRISTIAN";"HARRIS"
"FERRIS MOTHER";"2006";"Metro Columbia";"SISSY";"SOBIESKI"
"FEUD FROGMEN";"2006";"Metro Columbia";"MARY";"CRONYN"
"FEVER EMPIRE";"2006";"Metro Columbia";"AUDREY";"BAILEY"
"FICTION CHRISTMAS";"2006";"Metro Columbia";"ADAM";"ALLEN"
"FIDDLER LOST";"2006";"Metro Columbia";"ANGELA";"BACALL"
"FIDELITY DEVIL";"2006";"Metro Columbia";"ALAN";"CLOSE"
"FIGHT JAWBREAKER";"2006";"Metro Columbia";"ALBERT";"GIBSON"
"FINDING ANACONDA";"2006";"Metro Columbia";"CUBA";"BIRCH"
"FIRE WOLVES";"2006";"Metro Columbia";"CHRISTIAN";"AKROYD"
"FIREBALL PHILADELPHIA";"2006";"Metro Columbia";"ADAM";"BOLGER"
"FIREHOUSE VIETNAM";"2006";"Metro Columbia";"BEN";"HARRIS"
"FISH OPUS";"2006";"Metro Columbia";"LAURENCE";"BULLOCK"
"FLAMINGOS CONNECTICUT";"2006";"Metro Columbia";"ALBERT";"BRODY"
"FLASH WARS";"2006";"Metro Columbia";"DAN";"JOHANSSON"
"FLATLINERS KILLER";"2006";"Metro Columbia";"GARY";"BACALL"
"FLINTSTONES HAPPINESS";"2006";"Metro Columbia";"ALBERT";"AKROYD"
"FLOATS GARDEN";"2006";"Metro Columbia";"CAMERON";"MOSTEL"
"FLYING HOOK";"2006";"Metro Columbia";"CATE";"CAGE"
"FOOL MOCKINGBIRD";"2006";"Metro Columbia";"NATALIE";"CRAWFORD"
"FOREVER CANDIDATE";"2006";"Metro Columbia";"JADA";"RYDER"
"FORREST SONS";"2006";"Metro Columbia";"DARYL";"CHASE"
"FORRESTER COMANCHEROS";"2006";"Metro Columbia";"KIRK";"GUINESS"
"FORWARD TEMPLE";"2006";"Metro Columbia";"GREG";"CHAPLIN"
"FRANKENSTEIN STRANGER";"2006";"Metro Columbia";"BEN";"DAMON"
"FREAKY POCUS";"2006";"Metro Columbia";"FAY";"CROWE"
"FREDDY STORM";"2006";"Metro Columbia";"HENRY";"BERRY"
"FREEDOM CLEOPATRA";"2006";"Metro Columbia";"ALEC";"BERRY"
"FRENCH HOLIDAY";"2006";"Metro Columbia";"AUDREY";"CHASE"
"FRIDA SLIPPER";"2006";"Metro Columbia";"JAYNE";"NEESON"
"FRISCO FORREST";"2006";"Metro Columbia";"ALBERT";"AKROYD"
"FROGMEN BREAKING";"2006";"Metro Columbia";"BEN";"BULLOCK"
"FRONTIER CABIN";"2006";"Metro Columbia";"BEN";"CRAWFORD"
"FROST HEAD";"2006";"Metro Columbia";"CARMEN";"BULLOCK"
"FUGITIVE MAGUIRE";"2006";"Metro Columbia";"ALEC";"BRODY"
"FULL FLATLINERS";"2006";"Metro Columbia";"CARY";"BENING"
"FURY MURDER";"2006";"Metro Columbia";"KARL";"BERRY"
"GABLES METROPOLIS";"2006";"Metro Columbia";"ADAM";"COSTNER"
"GALAXY SWEETHEARTS";"2006";"Metro Columbia";"DEBBIE";"AKROYD"
"GAMES BOWFINGER";"2006";"Metro Columbia";"ANGELA";"HUDSON"
"GANDHI KWAI";"2006";"Metro Columbia";"ANGELINA";"ASTAIRE"
"GANGS PRIDE";"2006";"Metro Columbia";"ELVIS";"DAY-LEWIS"
"GARDEN ISLAND";"2006";"Metro Columbia";"JADA";"NOLTE"
"GASLIGHT CRUSADE";"2006";"Metro Columbia";"FAY";"BARRYMORE"
"GATHERING CALENDAR";"2006";"Metro Columbia";"BURT";"ALLEN"
"GENTLEMEN STAGE";"2006";"Metro Columbia";"DARYL";"BERGMAN"
"GHOST GROUNDHOG";"2006";"Metro Columbia";"DAN";"BALL"
"GHOSTBUSTERS ELF";"2006";"Metro Columbia";"JENNIFER";"DAVIS"
"GIANT TROOPERS";"2006";"Metro Columbia";"MATTHEW";"LEIGH"
"GILBERT PELICAN";"2006";"Metro Columbia";"NICK";"PECK"
"GILMORE BOILED";"2006";"Metro Columbia";"BURT";"HARRIS"
"GLADIATOR WESTWARD";"2006";"Metro Columbia";"ADAM";"GRANT"
"GLASS DYING";"2006";"Metro Columbia";"AL";"BOLGER"
"GLEAMING JAWBREAKER";"2006";"Metro Columbia";"ALBERT";"DEAN"
"GLORY TRACY";"2006";"Metro Columbia";"ADAM";"AKROYD"
"GO PURPLE";"2006";"Metro Columbia";"GENE";"GUINESS"
"GODFATHER DIARY";"2006";"Metro Columbia";"ED";"BRODY"
"GOLD RIVER";"2006";"Metro Columbia";"GROUCHO";"DUNST"
"GOLDFINGER SENSIBILITY";"2006";"Metro Columbia";"CHRISTIAN";"DEGENERES"
"GOLDMINE TYCOON";"2006";"Metro Columbia";"ALBERT";"CRAWFORD"
"GONE TROUBLE";"2006";"Metro Columbia";"CHRIS";"DEE"
"GOODFELLAS SALUTE";"2006";"Metro Columbia";"BEN";"DAVIS"
"GORGEOUS BINGO";"2006";"Metro Columbia";"FRANCES";"BERGEN"
"GOSFORD DONNIE";"2006";"Metro Columbia";"ANGELA";"GARLAND"
"GRACELAND DYNAMITE";"2006";"Metro Columbia";"ALBERT";"CROWE"
"GRADUATE LORD";"2006";"Metro Columbia";"EWAN";"GOODING"
"GRAFFITI LOVE";"2006";"Metro Columbia";"AUDREY";"BAILEY"
"GRAIL FRANKENSTEIN";"2006";"Metro Columbia";"AL";"GARLAND"
"GRAPES FURY";"2006";"Metro Columbia";"BURT";"BERRY"
"GREASE YOUTH";"2006";"Metro Columbia";"ADAM";"CROWE"
"GREATEST NORTH";"2006";"Metro Columbia";"CUBA";"BIRCH"
"GREEDY ROOTS";"2006";"Metro Columbia";"ALAN";"BALE"
"GREEK EVERYONE";"2006";"Metro Columbia";"BURT";"DUKAKIS"
"GRINCH MASSAGE";"2006";"Metro Columbia";"BURT";"AKROYD"
"GRIT CLOCKWORK";"2006";"Metro Columbia";"CAMERON";"GARLAND"
"GROOVE FICTION";"2006";"Metro Columbia";"DAN";"BALE"
"GROSSE WONDERFUL";"2006";"Metro Columbia";"ALBERT";"ALLEN"
"GROUNDHOG UNCUT";"2006";"Metro Columbia";"ADAM";"BARRYMORE"
"GUMP DATE";"2006";"Metro Columbia";"DAN";"DEAN"
"GUN BONNIE";"2006";"Metro Columbia";"BURT";"CARREY"
"GUNFIGHT MOON";"2006";"Metro Columbia";"CARMEN";"CLOSE"
"GUNFIGHTER MUSSOLINI";"2006";"Metro Columbia";"AUDREY";"CLOSE"
"GUYS FALCON";"2006";"Metro Columbia";"BURT";"CLOSE"
"HALF OUTFIELD";"2006";"Metro Columbia";"ANNE";"AKROYD"
"HALL CASSIDY";"2006";"Metro Columbia";"CAMERON";"CRAWFORD"
"HALLOWEEN NUTS";"2006";"Metro Columbia";"ANGELA";"CHASE"
"HAMLET WISDOM";"2006";"Metro Columbia";"CHRISTOPHER";"CAGE"
"HANDICAP BOONDOCK";"2006";"Metro Columbia";"AL";"CAGE"
"HANGING DEEP";"2006";"Metro Columbia";"ANGELA";"CAGE"
"HANKY OCTOBER";"2006";"Metro Columbia";"LISA";"MONROE"
"HANOVER GALAXY";"2006";"Metro Columbia";"ANGELA";"DAMON"
"HAPPINESS UNITED";"2006";"Metro Columbia";"ADAM";"ALLEN"
"HARDLY ROBBERS";"2006";"Metro Columbia";"ANNE";"BERRY"
"HAROLD FRENCH";"2006";"Metro Columbia";"ED";"CHASE"
"HARPER DYING";"2006";"Metro Columbia";"ALBERT";"ALLEN"
"HARRY IDAHO";"2006";"Metro Columbia";"CAMERON";"CARREY"
"HATE HANDICAP";"2006";"Metro Columbia";"BOB";"BLOOM"
"HAUNTED ANTITRUST";"2006";"Metro Columbia";"ALAN";"DREYFUSS"
"HAUNTING PIANIST";"2006";"Metro Columbia";"CHARLIZE";"DENCH"
"HAWK CHILL";"2006";"Metro Columbia";"ANNE";"CRONYN"
"HEAD STRANGER";"2006";"Metro Columbia";"GARY";"BAILEY"
"HEARTBREAKERS BRIGHT";"2006";"Metro Columbia";"CHRISTOPHER";"ALLEN"
"HEAVEN FREEDOM";"2006";"Metro Columbia";"ADAM";"DENCH"
"HEAVENLY GUN";"2006";"Metro Columbia";"AUDREY";"BAILEY"
"HEAVYWEIGHTS BEAST";"2006";"Metro Columbia";"BEN";"DUKAKIS"
"HEDWIG ALTER";"2006";"Metro Columbia";"DEBBIE";"AKROYD"
"HELLFIGHTERS SIERRA";"2006";"Metro Columbia";"ALBERT";"DEPP"
"HIGH ENCINO";"2006";"Metro Columbia";"ED";"ALLEN"
"HIGHBALL POTTER";"2006";"Metro Columbia";"CHRISTOPHER";"BERRY"
"HILLS NEIGHBORS";"2006";"Metro Columbia";"CHRISTIAN";"AKROYD"
"HOBBIT ALIEN";"2006";"Metro Columbia";"DARYL";"BERGEN"
"HOCUS FRIDA";"2006";"Metro Columbia";"FRANCES";"KILMER"
"HOLES BRANNIGAN";"2006";"Metro Columbia";"DAN";"BERRY"
"HOLIDAY GAMES";"2006";"Metro Columbia";"AL";"AKROYD"
"HOLLOW JEOPARDY";"2006";"Metro Columbia";"EMILY";"DEE"
"HOLLYWOOD ANONYMOUS";"2006";"Metro Columbia";"ANNE";"BERRY"
"HOLOCAUST HIGHBALL";"2006";"Metro Columbia";"CARMEN";"HACKMAN"
"HOLY TADPOLE";"2006";"Metro Columbia";"GOLDIE";"BRODY"
"HOME PITY";"2006";"Metro Columbia";"AUDREY";"AKROYD"
"HOMEWARD CIDER";"2006";"Metro Columbia";"ALBERT";"BOLGER"
"HOMICIDE PEACH";"2006";"Metro Columbia";"ALBERT";"BALE"
"HONEY TIES";"2006";"Metro Columbia";"ALBERT";"CAGE"
"HOOK CHARIOTS";"2006";"Metro Columbia";"ELVIS";"DEGENERES"
"HOOSIERS BIRDCAGE";"2006";"Metro Columbia";"DARYL";"BRODY"
"HOPE TOOTSIE";"2006";"Metro Columbia";"GREG";"CHAPLIN"
"HORN WORKING";"2006";"Metro Columbia";"ANNE";"CAGE"
"HORROR REIGN";"2006";"Metro Columbia";"CHRISTOPHER";"HOFFMAN"
"HOTEL HAPPINESS";"2006";"Metro Columbia";"RENEE";"BALL"
"HOURS RAGE";"2006";"Metro Columbia";"ALEC";"AKROYD"
"HOUSE DYNAMITE";"2006";"Metro Columbia";"AL";"AKROYD"
"HUMAN GRAFFITI";"2006";"Metro Columbia";"AUDREY";"COSTNER"
"HUNCHBACK IMPOSSIBLE";"2006";"Metro Columbia";"GROUCHO";"DUNST"
"HUNGER ROOF";"2006";"Metro Columbia";"MERYL";"GIBSON"
"HUNTER ALTER";"2006";"Metro Columbia";"ED";"BALL"
"HUNTING MUSKETEERS";"2006";"Metro Columbia";"CARY";"BENING"
"HURRICANE AFFAIR";"2006";"Metro Columbia";"FAY";"AKROYD"
"HUSTLER PARTY";"2006";"Metro Columbia";"ALEC";"ASTAIRE"
"HYDE DOCTOR";"2006";"Metro Columbia";"BURT";"DEGENERES"
"HYSTERICAL GRAIL";"2006";"Metro Columbia";"BURT";"DEE"
"ICE CROSSING";"2006";"Metro Columbia";"CHRISTOPHER";"BERRY"
"IDAHO LOVE";"2006";"Metro Columbia";"FAY";"BOLGER"
"IDENTITY LOVER";"2006";"Metro Columbia";"ALEC";"BENING"
"IDOLS SNATCHERS";"2006";"Metro Columbia";"ADAM";"BACALL"
"IGBY MAKER";"2006";"Metro Columbia";"BETTE";"BENING"
"ILLUSION AMELIE";"2006";"Metro Columbia";"DARYL";"CRAWFORD"
"IMAGE PRINCESS";"2006";"Metro Columbia";"BURT";"AKROYD"
"IMPACT ALADDIN";"2006";"Metro Columbia";"GINA";"BERGEN"
"IMPOSSIBLE PREJUDICE";"2006";"Metro Columbia";"CHRIS";"COSTNER"
"INCH JET";"2006";"Metro Columbia";"FRED";"BRODY"
"INDEPENDENCE HOTEL";"2006";"Metro Columbia";"DAN";"ALLEN"
"INDIAN LOVE";"2006";"Metro Columbia";"CARY";"CHASE"
"INFORMER DOUBLE";"2006";"Metro Columbia";"IAN";"GARLAND"
"INNOCENT USUAL";"2006";"Metro Columbia";"CHRISTIAN";"AKROYD"
"INSECTS STONE";"2006";"Metro Columbia";"GARY";"CHASE"
"INSIDER ARIZONA";"2006";"Metro Columbia";"ALEC";"HARRIS"
"INSTINCT AIRPORT";"2006";"Metro Columbia";"CAMERON";"CAGE"
"INTENTIONS EMPIRE";"2006";"Metro Columbia";"ANGELINA";"ASTAIRE"
"INTERVIEW LIAISONS";"2006";"Metro Columbia";"JAYNE";"DAMON"
"INTOLERABLE INTENTIONS";"2006";"Metro Columbia";"BURT";"CAGE"
"INTRIGUE WORST";"2006";"Metro Columbia";"CATE";"BOLGER"
"INVASION CYCLONE";"2006";"Metro Columbia";"ED";"BENING"
"IRON MOON";"2006";"Metro Columbia";"ANNE";"CRONYN"
"ISHTAR ROCKETEER";"2006";"Metro Columbia";"JADA";"AKROYD"
"ISLAND EXORCIST";"2006";"Metro Columbia";"ANGELA";"CRAWFORD"
"ITALIAN AFRICAN";"2006";"Metro Columbia";"AUDREY";"BAILEY"
"JACKET FRISCO";"2006";"Metro Columbia";"AL";"BASINGER"
"JADE BUNCH";"2006";"Metro Columbia";"ANGELINA";"ASTAIRE"
"JAPANESE RUN";"2006";"Metro Columbia";"ANGELA";"ALLEN"
"JASON TRAP";"2006";"Metro Columbia";"ANGELA";"BRODY"
"JAWBREAKER BROOKLYN";"2006";"Metro Columbia";"CHRISTIAN";"AKROYD"
"JAWS HARRY";"2006";"Metro Columbia";"GRETA";"GOLDBERG"
"JEDI BENEATH";"2006";"Metro Columbia";"JAMES";"BERGMAN"
"JEEPERS WEDDING";"2006";"Metro Columbia";"CHRISTIAN";"BERRY"
"JEKYLL FROGMEN";"2006";"Metro Columbia";"DAN";"RYDER"
"JEOPARDY ENCINO";"2006";"Metro Columbia";"ALEC";"CHAPLIN"
"JERICHO MULAN";"2006";"Metro Columbia";"ELVIS";"BASINGER"
"JERK PAYCHECK";"2006";"Metro Columbia";"BELA";"BARRYMORE"
"JERSEY SASSY";"2006";"Metro Columbia";"CATE";"BOLGER"
"JET NEIGHBORS";"2006";"Metro Columbia";"FAY";"ALLEN"
"JINGLE SAGEBRUSH";"2006";"Metro Columbia";"GROUCHO";"ALLEN"
"JOON NORTHWEST";"2006";"Metro Columbia";"ALEC";"DENCH"
"JUGGLER HARDLY";"2006";"Metro Columbia";"CAMERON";"GIBSON"
"JUMANJI BLADE";"2006";"Metro Columbia";"BOB";"DAVIS"
"JUMPING WRATH";"2006";"Metro Columbia";"ALAN";"DAVIS"
"JUNGLE CLOSER";"2006";"Metro Columbia";"BURT";"BIRCH"
"KANE EXORCIST";"2006";"Metro Columbia";"AUDREY";"BERRY"
"KARATE MOON";"2006";"Metro Columbia";"JADA";"ALLEN"
"KENTUCKIAN GIANT";"2006";"Metro Columbia";"ELVIS";"BERGEN"
"KICK SAVANNAH";"2006";"Metro Columbia";"ALAN";"BAILEY"
"KILL BROTHERHOOD";"2006";"Metro Columbia";"ALBERT";"DEAN"
"KILLER INNOCENT";"2006";"Metro Columbia";"ANGELINA";"ALLEN"
"KING EVOLUTION";"2006";"Metro Columbia";"BURT";"ALLEN"
"KISS GLORY";"2006";"Metro Columbia";"CUBA";"DUNST"
"KISSING DOLLS";"2006";"Metro Columbia";"GEOFFREY";"HESTON"
"KNOCK WARLOCK";"2006";"Metro Columbia";"AUDREY";"CRUISE"
"KRAMER CHOCOLATE";"2006";"Metro Columbia";"BETTE";"COSTNER"
"KWAI HOMEWARD";"2006";"Metro Columbia";"ANGELA";"HOPKINS"
"LABYRINTH LEAGUE";"2006";"Metro Columbia";"GROUCHO";"AKROYD"
"LADY STAGE";"2006";"Metro Columbia";"ANNE";"BALE"
"LADYBUGS ARMAGEDDON";"2006";"Metro Columbia";"GRETA";"CARREY"
"LAMBS CINCINATTI";"2006";"Metro Columbia";"BURT";"BARRYMORE"
"LANGUAGE COWBOY";"2006";"Metro Columbia";"BETTE";"BERRY"
"LAWLESS VISION";"2006";"Metro Columbia";"BOB";"BOLGER"
"LAWRENCE LOVE";"2006";"Metro Columbia";"CHRISTOPHER";"BERRY"
"LEAGUE HELLFIGHTERS";"2006";"Metro Columbia";"ALBERT";"AKROYD"
"LEATHERNECKS DWARFS";"2006";"Metro Columbia";"BOB";"BERRY"
"LEBOWSKI SOLDIERS";"2006";"Metro Columbia";"ALBERT";"JOHANSSON"
"LEGALLY SECRETARY";"2006";"Metro Columbia";"BELA";"HUNT"
"LEGEND JEDI";"2006";"Metro Columbia";"ANGELA";"CRONYN"
"LESSON CLEOPATRA";"2006";"Metro Columbia";"ANGELA";"ALLEN"
"LIAISONS SWEET";"2006";"Metro Columbia";"CHRISTIAN";"BOLGER"
"LIBERTY MAGNIFICENT";"2006";"Metro Columbia";"ALEC";"BIRCH"
"LICENSE WEEKEND";"2006";"Metro Columbia";"DARYL";"CHAPLIN"
"LIES TREATMENT";"2006";"Metro Columbia";"DAN";"CAGE"
"LIFE TWISTED";"2006";"Metro Columbia";"CHRISTIAN";"CARREY"
"LIGHTS DEER";"2006";"Metro Columbia";"MATTHEW";"HACKMAN"
"LION UNCUT";"2006";"Metro Columbia";"BELA";"PINKETT"
"LOATHING LEGALLY";"2006";"Metro Columbia";"AUDREY";"DAVIS"
"LOCK REAR";"2006";"Metro Columbia";"HARVEY";"HOPE"
"LOLA AGENT";"2006";"Metro Columbia";"GEOFFREY";"ALLEN"
"LOLITA WORLD";"2006";"Metro Columbia";"UMA";"WOOD"
"LONELY ELEPHANT";"2006";"Metro Columbia";"ALAN";"BOLGER"
"LORD ARIZONA";"2006";"Metro Columbia";"CHRISTIAN";"CROWE"
"LOSE INCH";"2006";"Metro Columbia";"HARRISON";"ALLEN"
"LOSER HUSTLER";"2006";"Metro Columbia";"ADAM";"BASINGER"
"LOST BIRD";"2006";"Metro Columbia";"CUBA";"BIRCH"
"LOUISIANA HARRY";"2006";"Metro Columbia";"GINA";"BERRY"
"LOVE SUICIDES";"2006";"Metro Columbia";"CHRISTIAN";"LOLLOBRIGIDA"
"LOVELY JINGLE";"2006";"Metro Columbia";"DAN";"BERGEN"
"LOVER TRUMAN";"2006";"Metro Columbia";"CHRISTIAN";"BERGEN"
"LOVERBOY ATTACKS";"2006";"Metro Columbia";"ADAM";"BALL"
"LUCK OPUS";"2006";"Metro Columbia";"ED";"BENING"
"LUCKY FLYING";"2006";"Metro Columbia";"ANGELA";"BERRY"
"LUKE MUMMY";"2006";"Metro Columbia";"ANGELA";"AKROYD"
"LUST LOCK";"2006";"Metro Columbia";"ANNE";"CARREY"
"MADIGAN DORADO";"2006";"Metro Columbia";"GENE";"AKROYD"
"MADISON TRAP";"2006";"Metro Columbia";"GREGORY";"CRAWFORD"
"MADNESS ATTACKS";"2006";"Metro Columbia";"FRANCES";"AKROYD"
"MADRE GABLES";"2006";"Metro Columbia";"DARYL";"CARREY"
"MAGIC MALLRATS";"2006";"Metro Columbia";"ALEC";"AKROYD"
"MAGNIFICENT CHITTY";"2006";"Metro Columbia";"CUBA";"BALL"
"MAGNOLIA FORRESTER";"2006";"Metro Columbia";"AUDREY";"AKROYD"
"MAGUIRE APACHE";"2006";"Metro Columbia";"ALAN";"DREYFUSS"
"MAIDEN HOME";"2006";"Metro Columbia";"CHRISTIAN";"AKROYD"
"MAJESTIC FLOATS";"2006";"Metro Columbia";"ED";"HOPKINS"
"MAKER GABLES";"2006";"Metro Columbia";"CHRISTIAN";"AKROYD"
"MALKOVICH PET";"2006";"Metro Columbia";"FAY";"BOLGER"
"MALLRATS UNITED";"2006";"Metro Columbia";"CAMERON";"BASINGER"
"MALTESE HOPE";"2006";"Metro Columbia";"ANGELA";"HUDSON"
"MANCHURIAN CURTAIN";"2006";"Metro Columbia";"ALBERT";"JOHANSSON"
"MANNEQUIN WORST";"2006";"Metro Columbia";"ANNE";"ALLEN"
"MARRIED GO";"2006";"Metro Columbia";"FRANCES";"BRODY"
"MARS ROMAN";"2006";"Metro Columbia";"ADAM";"BIRCH"
"MASK PEACH";"2006";"Metro Columbia";"DAN";"BALL"
"MASKED BUBBLE";"2006";"Metro Columbia";"ADAM";"BAILEY"
"MASSACRE USUAL";"2006";"Metro Columbia";"FAY";"DEPP"
"MASSAGE IMAGE";"2006";"Metro Columbia";"ALAN";"AKROYD"
"MATRIX SNOWMAN";"2006";"Metro Columbia";"GARY";"BACALL"
"MAUDE MOD";"2006";"Metro Columbia";"CARY";"DUKAKIS"
"MEET CHOCOLATE";"2006";"Metro Columbia";"GROUCHO";"CAGE"
"MEMENTO ZOOLANDER";"2006";"Metro Columbia";"ALBERT";"AKROYD"
"MENAGERIE RUSHMORE";"2006";"Metro Columbia";"BURT";"DUKAKIS"
"MERMAID INSECTS";"2006";"Metro Columbia";"EWAN";"DAY-LEWIS"
"METAL ARMAGEDDON";"2006";"Metro Columbia";"ALAN";"BOLGER"
"METROPOLIS COMA";"2006";"Metro Columbia";"CUBA";"ALLEN"
"MICROCOSMOS PARADISE";"2006";"Metro Columbia";"ELLEN";"CHASE"
"MIDNIGHT WESTWARD";"2006";"Metro Columbia";"ADAM";"DEGENERES"
"MIDSUMMER GROUNDHOG";"2006";"Metro Columbia";"BELA";"RYDER"
"MIGHTY LUCK";"2006";"Metro Columbia";"BELA";"BAILEY"
"MILE MULAN";"2006";"Metro Columbia";"ANGELA";"DENCH"
"MILLION ACE";"2006";"Metro Columbia";"BEN";"AKROYD"
"MINDS TRUMAN";"2006";"Metro Columbia";"ANNE";"CARREY"
"MINE TITANS";"2006";"Metro Columbia";"HUMPHREY";"DEGENERES"
"MINORITY KISS";"2006";"Metro Columbia";"VIVIEN";"BASINGER"
"MIRACLE VIRTUAL";"2006";"Metro Columbia";"FRED";"COSTNER"
"MISSION ZOOLANDER";"2006";"Metro Columbia";"FRED";"BLOOM"
"MIXED DOORS";"2006";"Metro Columbia";"ALBERT";"BOLGER"
"MOB DUFFEL";"2006";"Metro Columbia";"CAMERON";"DUNST"
"MOCKINGBIRD HOLLYWOOD";"2006";"Metro Columbia";"ADAM";"GUINESS"
"MOD SECRETARY";"2006";"Metro Columbia";"BELA";"BRODY"
"MODEL FISH";"2006";"Metro Columbia";"ED";"BOLGER"
"MODERN DORADO";"2006";"Metro Columbia";"CATE";"DEAN"
"MONEY HAROLD";"2006";"Metro Columbia";"ALEC";"AKROYD"
"MONSOON CAUSE";"2006";"Metro Columbia";"ALBERT";"HACKMAN"
"MONSTER SPARTACUS";"2006";"Metro Columbia";"ALAN";"ALLEN"
"MONTEREY LABYRINTH";"2006";"Metro Columbia";"DAN";"BERRY"
"MONTEZUMA COMMAND";"2006";"Metro Columbia";"CUBA";"OLIVIER"
"MOON BUNCH";"2006";"Metro Columbia";"ANNE";"CRONYN"
"MOONSHINE CABIN";"2006";"Metro Columbia";"CARMEN";"CARREY"
"MOONWALKER FOOL";"2006";"Metro Columbia";"DARYL";"CAGE"
"MOSQUITO ARMAGEDDON";"2006";"Metro Columbia";"GOLDIE";"BRODY"
"MOTHER OLEANDER";"2006";"Metro Columbia";"ANGELA";"DAY-LEWIS"
"MOTIONS DETAILS";"2006";"Metro Columbia";"BURT";"BRODY"
"MOULIN WAKE";"2006";"Metro Columbia";"JESSICA";"BAILEY"
"MOURNING PURPLE";"2006";"Metro Columbia";"ALBERT";"AKROYD"
"MOVIE SHAKESPEARE";"2006";"Metro Columbia";"CAMERON";"BACALL"
"Mujeres al borde de un ataque de nervios";"1988";"Nanai";"Pedro";"Almodovar"
"MULAN MOON";"2006";"Metro Columbia";"ANGELINA";"ASTAIRE"
"MULHOLLAND BEAST";"2006";"Metro Columbia";"BETTE";"CRUISE"
"MUMMY CREATURES";"2006";"Metro Columbia";"ANGELINA";"ASTAIRE"
"MUPPET MILE";"2006";"Metro Columbia";"AL";"BALE"
"MURDER ANTITRUST";"2006";"Metro Columbia";"CAMERON";"BERRY"
"MUSCLE BRIGHT";"2006";"Metro Columbia";"GROUCHO";"CARREY"
"MUSIC BOONDOCK";"2006";"Metro Columbia";"HUMPHREY";"BENING"
"MUSKETEERS WAIT";"2006";"Metro Columbia";"BEN";"HARRIS"
"MUSSOLINI SPOILERS";"2006";"Metro Columbia";"CARY";"BERGEN"
"MYSTIC TRUMAN";"2006";"Metro Columbia";"HUMPHREY";"DAMON"
"NAME DETECTIVE";"2006";"Metro Columbia";"CATE";"JACKMAN"
"NASH CHOCOLAT";"2006";"Metro Columbia";"ANGELA";"BALE"
"NATIONAL STORY";"2006";"Metro Columbia";"GRETA";"BASINGER"
"NATURAL STOCK";"2006";"Metro Columbia";"KEVIN";"BALL"
"NECKLACE OUTBREAK";"2006";"Metro Columbia";"ED";"AKROYD"
"NEIGHBORS CHARADE";"2006";"Metro Columbia";"DARYL";"CRUZ"
"NEMO CAMPUS";"2006";"Metro Columbia";"ED";"KILMER"
"NETWORK PEAK";"2006";"Metro Columbia";"ELLEN";"HOPKINS"
"NEWSIES STORY";"2006";"Metro Columbia";"DAN";"BENING"
"NEWTON LABYRINTH";"2006";"Metro Columbia";"ALBERT";"BAILEY"
"NIGHTMARE CHILL";"2006";"Metro Columbia";"GENE";"HOPKINS"
"NONE SPIKING";"2006";"Metro Columbia";"KIM";"ALLEN"
"NOON PAPI";"2006";"Metro Columbia";"ADAM";"BASINGER"
"NORTH TEQUILA";"2006";"Metro Columbia";"DARYL";"DEE"
"NORTHWEST POLISH";"2006";"Metro Columbia";"CUBA";"BIRCH"
"NOTORIOUS REUNION";"2006";"Metro Columbia";"JAYNE";"ALLEN"
"NOTTING SPEAKEASY";"2006";"Metro Columbia";"IAN";"TANDY"
"NOVOCAINE FLIGHT";"2006";"Metro Columbia";"BEN";"BERRY"
"NUTS TIES";"2006";"Metro Columbia";"CHRISTIAN";"AKROYD"
"OCTOBER SUBMARINE";"2006";"Metro Columbia";"CAMERON";"BERGMAN"
"ODDS BOOGIE";"2006";"Metro Columbia";"CHRIS";"BRIDGES"
"OKLAHOMA JUMANJI";"2006";"Metro Columbia";"BELA";"AKROYD"
"OLEANDER CLUE";"2006";"Metro Columbia";"EWAN";"CAGE"
"OPEN AFRICAN";"2006";"Metro Columbia";"ADAM";"BASINGER"
"OPERATION OPERATION";"2006";"Metro Columbia";"ADAM";"AKROYD"
"OPPOSITE NECKLACE";"2006";"Metro Columbia";"CHRISTIAN";"AKROYD"
"OPUS ICE";"2006";"Metro Columbia";"DARYL";"CRAWFORD"
"ORANGE GRAPES";"2006";"Metro Columbia";"CUBA";"ALLEN"
"ORDER BETRAYED";"2006";"Metro Columbia";"ANGELINA";"ASTAIRE"
"ORIENT CLOSER";"2006";"Metro Columbia";"CAMERON";"DAMON"
"OSCAR GOLD";"2006";"Metro Columbia";"AL";"CRAWFORD"
"OTHERS SOUP";"2006";"Metro Columbia";"BURT";"DAY-LEWIS"
"OUTBREAK DIVINE";"2006";"Metro Columbia";"ALEC";"HOFFMAN"
"OUTFIELD MASSACRE";"2006";"Metro Columbia";"DAN";"HURT"
"OUTLAW HANKY";"2006";"Metro Columbia";"ANGELINA";"ASTAIRE"
"OZ LIAISONS";"2006";"Metro Columbia";"CHRISTIAN";"CROWE"
"PACIFIC AMISTAD";"2006";"Metro Columbia";"ANGELINA";"ASTAIRE"
"PACKER MADIGAN";"2006";"Metro Columbia";"TIM";"HACKMAN"
"PAJAMA JAWBREAKER";"2006";"Metro Columbia";"LUCILLE";"HOFFMAN"
"PANIC CLUB";"2006";"Metro Columbia";"CAMERON";"HOPE"
"PANKY SUBMARINE";"2006";"Metro Columbia";"GROUCHO";"BACALL"
"PANTHER REDS";"2006";"Metro Columbia";"BEN";"DAVIS"
"PAPI NECKLACE";"2006";"Metro Columbia";"CUBA";"ALLEN"
"PARADISE SABRINA";"2006";"Metro Columbia";"JEFF";"CRONYN"
"PARIS WEEKEND";"2006";"Metro Columbia";"ANGELA";"BERGMAN"
"PARK CITIZEN";"2006";"Metro Columbia";"AL";"BENING"
"PARTY KNOCK";"2006";"Metro Columbia";"CHRIS";"DEAN"
"PAST SUICIDES";"2006";"Metro Columbia";"GENE";"ALLEN"
"PATHS CONTROL";"2006";"Metro Columbia";"ANNE";"AKROYD"
"PATIENT SISTER";"2006";"Metro Columbia";"LUCILLE";"BOLGER"
"PATRIOT ROMAN";"2006";"Metro Columbia";"ALBERT";"ALLEN"
"PATTON INTERVIEW";"2006";"Metro Columbia";"CATE";"BERRY"
"PAYCHECK WAIT";"2006";"Metro Columbia";"GARY";"BACALL"
"PEACH INNOCENT";"2006";"Metro Columbia";"BURT";"HACKMAN"
"PEAK FOREVER";"2006";"Metro Columbia";"ANGELA";"AKROYD"
"PEARL DESTINY";"2006";"Metro Columbia";"CAMERON";"CRAWFORD"
"PELICAN COMFORTS";"2006";"Metro Columbia";"BOB";"BARRYMORE"
"PERDITION FARGO";"2006";"Metro Columbia";"CATE";"BALE"
"PERFECT GROOVE";"2006";"Metro Columbia";"BEN";"BERRY"
"PERSONAL LADYBUGS";"2006";"Metro Columbia";"BOB";"FAWCETT"
"PET HAUNTING";"2006";"Metro Columbia";"BEN";"BRODY"
"PHANTOM GLORY";"2006";"Metro Columbia";"CARMEN";"DUNST"
"PHILADELPHIA WIFE";"2006";"Metro Columbia";"MARY";"GUINESS"
"PIANIST OUTFIELD";"2006";"Metro Columbia";"DEBBIE";"AKROYD"
"PICKUP DRIVING";"2006";"Metro Columbia";"ELLEN";"DEGENERES"
"PILOT HOOSIERS";"2006";"Metro Columbia";"AUDREY";"AKROYD"
"PINOCCHIO SIMON";"2006";"Metro Columbia";"BEN";"BRODY"
"PIRATES ROXANNE";"2006";"Metro Columbia";"HUMPHREY";"WILLIS"
"PITTSBURGH HUNCHBACK";"2006";"Metro Columbia";"AUDREY";"BAILEY"
"PITY BOUND";"2006";"Metro Columbia";"ALBERT";"BRODY"
"PIZZA JUMANJI";"2006";"Metro Columbia";"BELA";"CRAWFORD"
"PLATOON INSTINCT";"2006";"Metro Columbia";"ED";"CHASE"
"PLUTO OLEANDER";"2006";"Metro Columbia";"BEN";"AKROYD"
"POCUS PULP";"2006";"Metro Columbia";"GROUCHO";"CRUZ"
"POLISH BROOKLYN";"2006";"Metro Columbia";"ALAN";"BERGEN"
"POLLOCK DELIVERANCE";"2006";"Metro Columbia";"BURT";"BRODY"
"POND SEATTLE";"2006";"Metro Columbia";"DARYL";"DEAN"
"POSEIDON FOREVER";"2006";"Metro Columbia";"EWAN";"DAVIS"
"POTLUCK MIXED";"2006";"Metro Columbia";"BETTE";"ALLEN"
"POTTER CONNECTICUT";"2006";"Metro Columbia";"AL";"BAILEY"
"PREJUDICE OLEANDER";"2006";"Metro Columbia";"ANGELA";"BOLGER"
"PRESIDENT BANG";"2006";"Metro Columbia";"AUDREY";"AKROYD"
"PRIDE ALAMO";"2006";"Metro Columbia";"CATE";"BRODY"
"PRIMARY GLASS";"2006";"Metro Columbia";"CHARLIZE";"BLOOM"
"PRINCESS GIANT";"2006";"Metro Columbia";"ADAM";"AKROYD"
"PRIVATE DROP";"2006";"Metro Columbia";"CAMERON";"AKROYD"
"PRIX UNDEFEATED";"2006";"Metro Columbia";"GOLDIE";"BACALL"
"PSYCHO SHRUNK";"2006";"Metro Columbia";"OLYMPIA";"PFEIFFER"
"PULP BEVERLY";"2006";"Metro Columbia";"ANGELA";"DAVIS"
"PUNK DIVORCE";"2006";"Metro Columbia";"CHRISTIAN";"BALE"
"PURE RUNNER";"2006";"Metro Columbia";"CAMERON";"KEITEL"
"PURPLE MOVIE";"2006";"Metro Columbia";"AUDREY";"BAILEY"
"QUEEN LUKE";"2006";"Metro Columbia";"EWAN";"DEAN"
"QUEST MUSSOLINI";"2006";"Metro Columbia";"GARY";"CRUISE"
"QUILLS BULL";"2006";"Metro Columbia";"AUDREY";"BAILEY"
"RACER EGG";"2006";"Metro Columbia";"ANGELINA";"ASTAIRE"
"RAGE GAMES";"2006";"Metro Columbia";"ALBERT";"BRIDGES"
"RAGING AIRPLANE";"2006";"Metro Columbia";"BOB";"FAWCETT"
"RAIDERS ANTITRUST";"2006";"Metro Columbia";"JADA";"AKROYD"
"RAINBOW SHOCK";"2006";"Metro Columbia";"DUSTIN";"ALLEN"
"RANDOM GO";"2006";"Metro Columbia";"ANGELA";"AKROYD"
"RANGE MOONWALKER";"2006";"Metro Columbia";"BURT";"CLOSE"
"REAP UNFAITHFUL";"2006";"Metro Columbia";"ANNE";"BERRY"
"REAR TRADING";"2006";"Metro Columbia";"DAN";"BULLOCK"
"REBEL AIRPORT";"2006";"Metro Columbia";"EMILY";"DEE"
"RECORDS ZORRO";"2006";"Metro Columbia";"BEN";"ALLEN"
"REDEMPTION COMFORTS";"2006";"Metro Columbia";"ALBERT";"AKROYD"
"REDS POCUS";"2006";"Metro Columbia";"CHRIS";"BRIDGES"
"REEF SALUTE";"2006";"Metro Columbia";"JOE";"BENING"
"REIGN GENTLEMEN";"2006";"Metro Columbia";"ALEC";"CAGE"
"REMEMBER DIARY";"2006";"Metro Columbia";"JEFF";"DEGENERES"
"REQUIEM TYCOON";"2006";"Metro Columbia";"ANNE";"BAILEY"
"RESERVOIR ADAPTATION";"2006";"Metro Columbia";"CHRISTIAN";"AKROYD"
"RESURRECTION SILVERADO";"2006";"Metro Columbia";"KENNETH";"GARLAND"
"REUNION WITCHES";"2006";"Metro Columbia";"DAN";"AKROYD"
"RIDER CADDYSHACK";"2006";"Metro Columbia";"ANNE";"CRONYN"
"RIDGEMONT SUBMARINE";"2006";"Metro Columbia";"JOHNNY";"BOLGER"
"RIGHT CRANES";"2006";"Metro Columbia";"ALBERT";"BAILEY"
"RINGS HEARTBREAKERS";"2006";"Metro Columbia";"CAMERON";"CRAWFORD"
"RIVER OUTLAW";"2006";"Metro Columbia";"GARY";"MONROE"
"ROAD ROXANNE";"2006";"Metro Columbia";"ALBERT";"BARRYMORE"
"ROBBERS JOON";"2006";"Metro Columbia";"ANGELA";"ALLEN"
"ROBBERY BRIGHT";"2006";"Metro Columbia";"GOLDIE";"BRODY"
"ROCK INSTINCT";"2006";"Metro Columbia";"AL";"BARRYMORE"
"ROCKETEER MOTHER";"2006";"Metro Columbia";"CHRIS";"ALLEN"
"ROCKY WAR";"2006";"Metro Columbia";"PENELOPE";"CRONYN"
"ROLLERCOASTER BRINGING";"2006";"Metro Columbia";"CATE";"BALE"
"ROMAN PUNK";"2006";"Metro Columbia";"JIM";"MOSTEL"
"ROOF CHAMPION";"2006";"Metro Columbia";"DAN";"BENING"
"ROOM ROMAN";"2006";"Metro Columbia";"SEAN";"HOFFMAN"
"ROOTS REMEMBER";"2006";"Metro Columbia";"BURT";"CAGE"
"ROSES TREASURE";"2006";"Metro Columbia";"BURT";"GARLAND"
"ROUGE SQUAD";"2006";"Metro Columbia";"EWAN";"CHASE"
"ROXANNE REBEL";"2006";"Metro Columbia";"JOHN";"CAGE"
"RUGRATS SHAKESPEARE";"2006";"Metro Columbia";"CUBA";"ALLEN"
"RULES HUMAN";"2006";"Metro Columbia";"CARY";"GARLAND"
"RUN PACIFIC";"2006";"Metro Columbia";"BOB";"CROWE"
"RUNAWAY TENENBAUMS";"2006";"Metro Columbia";"GENE";"JACKMAN"
"RUNNER MADIGAN";"2006";"Metro Columbia";"BOB";"CHAPLIN"
"RUSH GOODFELLAS";"2006";"Metro Columbia";"ALAN";"DERN"
"RUSHMORE MERMAID";"2006";"Metro Columbia";"FAY";"BALE"
"SABRINA MIDNIGHT";"2006";"Metro Columbia";"CHRIS";"AKROYD"
"SADDLE ANTITRUST";"2006";"Metro Columbia";"ADAM";"FAWCETT"
"SAGEBRUSH CLUELESS";"2006";"Metro Columbia";"ALAN";"DAY-LEWIS"
"SAINTS BRIDE";"2006";"Metro Columbia";"FRED";"CHASE"
"SALUTE APOLLO";"2006";"Metro Columbia";"CATE";"BERGEN"
"SAMURAI LION";"2006";"Metro Columbia";"ANGELINA";"ASTAIRE"
"SANTA PARIS";"2006";"Metro Columbia";"KENNETH";"BOLGER"
"SASSY PACKER";"2006";"Metro Columbia";"ANGELA";"MONROE"
"SATISFACTION CONFIDENTIAL";"2006";"Metro Columbia";"CAMERON";"DUNST"
"SATURDAY LAMBS";"2006";"Metro Columbia";"BEN";"BERGEN"
"SATURN NAME";"2006";"Metro Columbia";"ANGELINA";"ASTAIRE"
"SAVANNAH TOWN";"2006";"Metro Columbia";"CHRISTIAN";"BAILEY"
"SCALAWAG DUCK";"2006";"Metro Columbia";"CHRIS";"CRUISE"
"SCARFACE BANG";"2006";"Metro Columbia";"BEN";"BALL"
"SCHOOL JACKET";"2006";"Metro Columbia";"CHRIS";"DEPP"
"SCISSORHANDS SLUMS";"2006";"Metro Columbia";"GRACE";"BARRYMORE"
"SCORPION APOLLO";"2006";"Metro Columbia";"BOB";"BERGMAN"
"SEA VIRGIN";"2006";"Metro Columbia";"CATE";"BACALL"
"SEABISCUIT PUNK";"2006";"Metro Columbia";"ADAM";"DUKAKIS"
"SEARCHERS WAIT";"2006";"Metro Columbia";"CATE";"DAVIS"
"SEATTLE EXPECATIONS";"2006";"Metro Columbia";"ELVIS";"BENING"
"SECRET GROUNDHOG";"2006";"Metro Columbia";"ANGELA";"HOFFMAN"
"SECRETARY ROUGE";"2006";"Metro Columbia";"BEN";"BARRYMORE"
"SECRETS PARADISE";"2006";"Metro Columbia";"GENE";"HACKMAN"
"SENSE GREEK";"2006";"Metro Columbia";"AL";"BALL"
"SENSIBILITY REAR";"2006";"Metro Columbia";"BURT";"BENING"
"SEVEN SWARM";"2006";"Metro Columbia";"ANGELINA";"ASTAIRE"
"SHAKESPEARE SADDLE";"2006";"Metro Columbia";"CHRIS";"BRIDGES"
"SHANE DARKNESS";"2006";"Metro Columbia";"CUBA";"BERRY"
"SHANGHAI TYCOON";"2006";"Metro Columbia";"BEN";"BERRY"
"SHAWSHANK BUBBLE";"2006";"Metro Columbia";"ANGELA";"BENING"
"SHEPHERD MIDSUMMER";"2006";"Metro Columbia";"JULIANNE";"ALLEN"
"SHINING ROSES";"2006";"Metro Columbia";"CATE";"BARRYMORE"
"SHIP WONDERLAND";"2006";"Metro Columbia";"AUDREY";"ALLEN"
"SHOCK CABIN";"2006";"Metro Columbia";"LAURA";"BRODY"
"SHOOTIST SUPERFLY";"2006";"Metro Columbia";"FAY";"BARRYMORE"
"SHOW LORD";"2006";"Metro Columbia";"KENNETH";"GARLAND"
"SHREK LICENSE";"2006";"Metro Columbia";"EMILY";"DAY-LEWIS"
"SHRUNK DIVINE";"2006";"Metro Columbia";"MARY";"HOFFMAN"
"SIDE ARK";"2006";"Metro Columbia";"AUDREY";"BULLOCK"
"SIEGE MADRE";"2006";"Metro Columbia";"BELA";"CRAWFORD"
"SIERRA DIVIDE";"2006";"Metro Columbia";"GINA";"BACALL"
"SILENCE KANE";"2006";"Metro Columbia";"MICHAEL";"BENING"
"SILVERADO GOLDFINGER";"2006";"Metro Columbia";"AL";"DAVIS"
"SIMON NORTH";"2006";"Metro Columbia";"JODIE";"BASINGER"
"SINNERS ATLANTIS";"2006";"Metro Columbia";"CHRISTIAN";"AKROYD"
"SISTER FREDDY";"2006";"Metro Columbia";"GREGORY";"DAVIS"
"SKY MIRACLE";"2006";"Metro Columbia";"AUDREY";"AKROYD"
"SLEEPING SUSPECTS";"2006";"Metro Columbia";"KIRSTEN";"KEITEL"
"SLEEPLESS MONSOON";"2006";"Metro Columbia";"DARYL";"BERRY"
"SLEEPY JAPANESE";"2006";"Metro Columbia";"ADAM";"BAILEY"
"SLEUTH ORIENT";"2006";"Metro Columbia";"AL";"BERRY"
"SLING LUKE";"2006";"Metro Columbia";"DAN";"CHAPLIN"
"SLIPPER FIDELITY";"2006";"Metro Columbia";"AL";"BENING"
"SLUMS DUCK";"2006";"Metro Columbia";"REESE";"KILMER"
"SMILE EARRING";"2006";"Metro Columbia";"ANNE";"CRONYN"
"SMOKING BARBARELLA";"2006";"Metro Columbia";"ALEC";"BASINGER"
"SMOOCHY CONTROL";"2006";"Metro Columbia";"DARYL";"SILVERSTONE"
"SNATCH SLIPPER";"2006";"Metro Columbia";"CATE";"BENING"
"SNATCHERS MONTEZUMA";"2006";"Metro Columbia";"BELA";"BRODY"
"SNOWMAN ROLLERCOASTER";"2006";"Metro Columbia";"MATTHEW";"CARREY"
"SOLDIERS EVOLUTION";"2006";"Metro Columbia";"CUBA";"BACALL"
"SOMETHING DUCK";"2006";"Metro Columbia";"ED";"BOLGER"
"SONG HEDWIG";"2006";"Metro Columbia";"DEBBIE";"AKROYD"
"SONS INTERVIEW";"2006";"Metro Columbia";"CUBA";"BIRCH"
"SORORITY QUEEN";"2006";"Metro Columbia";"BEN";"CRAWFORD"
"SOUP WISDOM";"2006";"Metro Columbia";"KIM";"ALLEN"
"SOUTH WAIT";"2006";"Metro Columbia";"GARY";"MCCONAUGHEY"
"SPARTACUS CHEAPER";"2006";"Metro Columbia";"CHRIS";"BASINGER"
"SPEAKEASY DATE";"2006";"Metro Columbia";"HARVEY";"AKROYD"
"SPEED SUIT";"2006";"Metro Columbia";"BETTE";"CRAWFORD"
"SPICE SORORITY";"2006";"Metro Columbia";"ED";"BENING"
"SPIKING ELEMENT";"2006";"Metro Columbia";"BURT";"AKROYD"
"SPINAL ROCKY";"2006";"Metro Columbia";"CAMERON";"BACALL"
"SPIRIT FLINTSTONES";"2006";"Metro Columbia";"GREGORY";"BASINGER"
"SPIRITED CASUALTIES";"2006";"Metro Columbia";"CHRISTIAN";"BRODY"
"SPLASH GUMP";"2006";"Metro Columbia";"AL";"DAVIS"
"SPLENDOR PATTON";"2006";"Metro Columbia";"ADAM";"DENCH"
"SPOILERS HELLFIGHTERS";"2006";"Metro Columbia";"BURT";"CRAWFORD"
"SPY MILE";"2006";"Metro Columbia";"ELLEN";"BERRY"
"SQUAD FISH";"2006";"Metro Columbia";"AUDREY";"CARREY"
"STAGE WORLD";"2006";"Metro Columbia";"BELA";"TORN"
"STAGECOACH ARMAGEDDON";"2006";"Metro Columbia";"KARL";"AKROYD"
"STALLION SUNDANCE";"2006";"Metro Columbia";"JON";"BOLGER"
"STAMPEDE DISTURBING";"2006";"Metro Columbia";"CATE";"BASINGER"
"STAR OPERATION";"2006";"Metro Columbia";"JOHNNY";"DAVIS"
"STATE WASTELAND";"2006";"Metro Columbia";"DAN";"GIBSON"
"STEEL SANTA";"2006";"Metro Columbia";"JAMES";"KEITEL"
"STEERS ARMAGEDDON";"2006";"Metro Columbia";"DAN";"HARRIS"
"STEPMOM DREAM";"2006";"Metro Columbia";"ANGELA";"AKROYD"
"STING PERSONAL";"2006";"Metro Columbia";"AUDREY";"BALE"
"STOCK GLASS";"2006";"Metro Columbia";"CAMERON";"BERGEN"
"STONE FIRE";"2006";"Metro Columbia";"MILLA";"KEITEL"
"STORM HAPPINESS";"2006";"Metro Columbia";"CATE";"BERRY"
"STORY SIDE";"2006";"Metro Columbia";"ANGELINA";"ASTAIRE"
"STRAIGHT HOURS";"2006";"Metro Columbia";"BURT";"HARRIS"
"STRANGELOVE DESIRE";"2006";"Metro Columbia";"ALAN";"ALLEN"
"STRANGER STRANGERS";"2006";"Metro Columbia";"AUDREY";"BENING"
"STRANGERS GRAFFITI";"2006";"Metro Columbia";"JAYNE";"CAGE"
"STREAK RIDGEMONT";"2006";"Metro Columbia";"DARYL";"GUINESS"
"STREETCAR INTENTIONS";"2006";"Metro Columbia";"CHRISTIAN";"AKROYD"
"STRICTLY SCARFACE";"2006";"Metro Columbia";"ALAN";"CHAPLIN"
"SUBMARINE BED";"2006";"Metro Columbia";"CHRISTIAN";"AKROYD"
"SUGAR WONKA";"2006";"Metro Columbia";"CHRISTOPHER";"BERRY"
"SUICIDES SILENCE";"2006";"Metro Columbia";"FRANCES";"DENCH"
"SUIT WALLS";"2006";"Metro Columbia";"GENE";"BAILEY"
"SUMMER SCARFACE";"2006";"Metro Columbia";"ALEC";"ASTAIRE"
"SUN CONFESSIONS";"2006";"Metro Columbia";"CATE";"DERN"
"SUNDANCE INVASION";"2006";"Metro Columbia";"CHARLIZE";"AKROYD"
"SUNRISE LEAGUE";"2006";"Metro Columbia";"JOE";"BACALL"
"SUNSET RACER";"2006";"Metro Columbia";"ANGELINA";"ASTAIRE"
"SUPER WYOMING";"2006";"Metro Columbia";"HUMPHREY";"DEGENERES"
"SUPERFLY TRIP";"2006";"Metro Columbia";"DAN";"CAGE"
"SUSPECTS QUILLS";"2006";"Metro Columbia";"GRETA";"BACALL"
"SWARM GOLD";"2006";"Metro Columbia";"ANGELINA";"ASTAIRE"
"SWEDEN SHINING";"2006";"Metro Columbia";"ALBERT";"BERRY"
"SWEET BROTHERHOOD";"2006";"Metro Columbia";"JON";"ALLEN"
"SWEETHEARTS SUSPECTS";"2006";"Metro Columbia";"BEN";"MCQUEEN"
"TADPOLE PARK";"2006";"Metro Columbia";"ADAM";"BAILEY"
"TALENTED HOMICIDE";"2006";"Metro Columbia";"BURT";"DUKAKIS"
"TARZAN VIDEOTAPE";"2006";"Metro Columbia";"LAURA";"BRODY"
"TAXI KICK";"2006";"Metro Columbia";"ALBERT";"DEPP"
"TEEN APOLLO";"2006";"Metro Columbia";"CARMEN";"CHAPLIN"
"TELEGRAPH VOYAGE";"2006";"Metro Columbia";"CARMEN";"BASINGER"
"TELEMARK HEARTBREAKERS";"2006";"Metro Columbia";"GEOFFREY";"BASINGER"
"TEMPLE ATTRACTION";"2006";"Metro Columbia";"CHRISTOPHER";"DUNST"
"TENENBAUMS COMMAND";"2006";"Metro Columbia";"CUBA";"BENING"
"TEQUILA PAST";"2006";"Metro Columbia";"CHRIS";"DEPP"
"TERMINATOR CLUB";"2006";"Metro Columbia";"HUMPHREY";"BERGMAN"
"TEXAS WATCH";"2006";"Metro Columbia";"IAN";"BERGMAN"
"THEORY MERMAID";"2006";"Metro Columbia";"CUBA";"COSTNER"
"THIEF PELICAN";"2006";"Metro Columbia";"HARRISON";"BALE"
"THIN SAGEBRUSH";"2006";"Metro Columbia";"RALPH";"CAGE"
"TIES HUNGER";"2006";"Metro Columbia";"JAYNE";"AKROYD"
"TIGHTS DAWN";"2006";"Metro Columbia";"IAN";"BERGEN"
"TIMBERLAND SKY";"2006";"Metro Columbia";"BEN";"CRUISE"
"TITANIC BOONDOCK";"2006";"Metro Columbia";"BETTE";"CARREY"
"TITANS JERK";"2006";"Metro Columbia";"CAMERON";"ALLEN"
"TOMATOES HELLFIGHTERS";"2006";"Metro Columbia";"ANGELA";"BASINGER"
"TOMORROW HUSTLER";"2006";"Metro Columbia";"GARY";"HESTON"
"TOOTSIE PILOT";"2006";"Metro Columbia";"CUBA";"BASINGER"
"TORQUE BOUND";"2006";"Metro Columbia";"ADAM";"HOFFMAN"
"TOURIST PELICAN";"2006";"Metro Columbia";"BEN";"HARRIS"
"TOWERS HURRICANE";"2006";"Metro Columbia";"ADAM";"BIRCH"
"TOWN ARK";"2006";"Metro Columbia";"GRACE";"BOLGER"
"TRACY CIDER";"2006";"Metro Columbia";"GRACE";"GUINESS"
"TRADING PINOCCHIO";"2006";"Metro Columbia";"BETTE";"KEITEL"
"TRAFFIC HOBBIT";"2006";"Metro Columbia";"DARYL";"LEIGH"
"TRAIN BUNCH";"2006";"Metro Columbia";"ADAM";"CRAWFORD"
"TRAINSPOTTING STRANGERS";"2006";"Metro Columbia";"GINA";"CHAPLIN"
"TRAMP OTHERS";"2006";"Metro Columbia";"BELA";"BALL"
"TRANSLATION SUMMER";"2006";"Metro Columbia";"LAURA";"BRODY"
"TRAP GUYS";"2006";"Metro Columbia";"ALBERT";"BERGEN"
"TREASURE COMMAND";"2006";"Metro Columbia";"ALBERT";"DAVIS"
"TREATMENT JEKYLL";"2006";"Metro Columbia";"DARYL";"CRAWFORD"
"TRIP NEWTON";"2006";"Metro Columbia";"KEVIN";"CARREY"
"TROJAN TOMORROW";"2006";"Metro Columbia";"ANGELINA";"ASTAIRE"
"TROOPERS METAL";"2006";"Metro Columbia";"GRETA";"BARRYMORE"
"TROUBLE DATE";"2006";"Metro Columbia";"CHRISTIAN";"BALL"
"TRUMAN CRAZY";"2006";"Metro Columbia";"BURT";"BAILEY"
"TURN STAR";"2006";"Metro Columbia";"ELLEN";"HOFFMAN"
"TUXEDO MILE";"2006";"Metro Columbia";"DAN";"JOVOVICH"
"TWISTED PIRATES";"2006";"Metro Columbia";"ADAM";"CRUISE"
"TYCOON GATHERING";"2006";"Metro Columbia";"BELA";"BERGEN"
"UNBREAKABLE KARATE";"2006";"Metro Columbia";"BURT";"BOLGER"
"UNCUT SUICIDES";"2006";"Metro Columbia";"ALAN";"CARREY"
"UNDEFEATED DALMATIONS";"2006";"Metro Columbia";"ALBERT";"DAY-LEWIS"
"UNFAITHFUL KILL";"2006";"Metro Columbia";"DARYL";"ALLEN"
"UNFORGIVEN ZOOLANDER";"2006";"Metro Columbia";"CUBA";"BARRYMORE"
"UNITED PILOT";"2006";"Metro Columbia";"MENA";"BOLGER"
"UNTOUCHABLES SUNRISE";"2006";"Metro Columbia";"FRANCES";"CRONYN"
"UPRISING UPTOWN";"2006";"Metro Columbia";"ANNE";"CRONYN"
"UPTOWN YOUNG";"2006";"Metro Columbia";"ALAN";"BERRY"
"USUAL UNTOUCHABLES";"2006";"Metro Columbia";"AUDREY";"AKROYD"
"VACATION BOONDOCK";"2006";"Metro Columbia";"ADAM";"GABLE"
"VALENTINE VANISHING";"2006";"Metro Columbia";"BURT";"DUKAKIS"
"VALLEY PACKER";"2006";"Metro Columbia";"BEN";"DAVIS"
"VAMPIRE WHALE";"2006";"Metro Columbia";"ALAN";"CAGE"
"VANILLA DAY";"2006";"Metro Columbia";"GROUCHO";"DUNST"
"VANISHED GARDEN";"2006";"Metro Columbia";"ANGELINA";"ASTAIRE"
"VANISHING ROCKY";"2006";"Metro Columbia";"DAN";"DAVIS"
"VARSITY TRIP";"2006";"Metro Columbia";"BURT";"STALLONE"
"VELVET TERMINATOR";"2006";"Metro Columbia";"ANGELA";"ALLEN"
"VERTIGO NORTHWEST";"2006";"Metro Columbia";"BELA";"GUINESS"
"VICTORY ACADEMY";"2006";"Metro Columbia";"CUBA";"AKROYD"
"VIDEOTAPE ARSENIC";"2006";"Metro Columbia";"CHRISTOPHER";"BERRY"
"VIETNAM SMOOCHY";"2006";"Metro Columbia";"JODIE";"DEGENERES"
"VILLAIN DESPERATE";"2006";"Metro Columbia";"CARY";"MCCONAUGHEY"
"VIRGIN DAISY";"2006";"Metro Columbia";"ALEC";"BARRYMORE"
"VIRGINIAN PLUTO";"2006";"Metro Columbia";"ALBERT";"BAILEY"
"VIRTUAL SPOILERS";"2006";"Metro Columbia";"DUSTIN";"CHASE"
"VISION TORQUE";"2006";"Metro Columbia";"AL";"GARLAND"
"VOICE PEACH";"2006";"Metro Columbia";"AL";"BERGEN"
"VOLCANO TEXAS";"2006";"Metro Columbia";"ALBERT";"CLOSE"
"VOLUME HOUSE";"2006";"Metro Columbia";"AUDREY";"DEPP"
"VOYAGE LEGALLY";"2006";"Metro Columbia";"ANGELA";"HAWKE"
"WAGON JAWS";"2006";"Metro Columbia";"HARRISON";"BALE"
"WAIT CIDER";"2006";"Metro Columbia";"ANGELA";"ALLEN"
"WAKE JAWS";"2006";"Metro Columbia";"CHRIS";"CROWE"
"WALLS ARTIST";"2006";"Metro Columbia";"ALBERT";"BALE"
"WANDA CHAMBER";"2006";"Metro Columbia";"ADAM";"DUKAKIS"
"WAR NOTTING";"2006";"Metro Columbia";"CUBA";"ALLEN"
"WARDROBE PHANTOM";"2006";"Metro Columbia";"ANGELINA";"ASTAIRE"
"WARLOCK WEREWOLF";"2006";"Metro Columbia";"AUDREY";"BAILEY"
"WARS PLUTO";"2006";"Metro Columbia";"BURT";"GUINESS"
"WASH HEAVENLY";"2006";"Metro Columbia";"MENA";"DAVIS"
"WASTELAND DIVINE";"2006";"Metro Columbia";"AL";"CRAWFORD"
"WATCH TRACY";"2006";"Metro Columbia";"CARY";"BOLGER"
"WATERFRONT DELIVERANCE";"2006";"Metro Columbia";"BEN";"GABLE"
"WATERSHIP FRONTIER";"2006";"Metro Columbia";"ALBERT";"BOLGER"
"WEDDING APOLLO";"2006";"Metro Columbia";"ALBERT";"BALE"
"WEEKEND PERSONAL";"2006";"Metro Columbia";"ED";"BASINGER"
"WEREWOLF LOLA";"2006";"Metro Columbia";"BEN";"BASINGER"
"WEST LION";"2006";"Metro Columbia";"ALBERT";"ALLEN"
"WESTWARD SEABISCUIT";"2006";"Metro Columbia";"CHARLIZE";"BERGEN"
"WHALE BIKINI";"2006";"Metro Columbia";"AUDREY";"BERRY"
"WHISPERER GIANT";"2006";"Metro Columbia";"BELA";"BAILEY"
"WIFE TURN";"2006";"Metro Columbia";"CAMERON";"BARRYMORE"
"WILD APOLLO";"2006";"Metro Columbia";"GARY";"MONROE"
"WILLOW TRACY";"2006";"Metro Columbia";"JAMES";"KILMER"
"WIND PHANTOM";"2006";"Metro Columbia";"CHARLIZE";"BALL"
"WINDOW SIDE";"2006";"Metro Columbia";"ANNE";"CRONYN"
"WISDOM WORKER";"2006";"Metro Columbia";"JIM";"BRODY"
"WITCHES PANIC";"2006";"Metro Columbia";"RALPH";"CRUZ"
"WIZARD COLDBLOODED";"2006";"Metro Columbia";"ANNE";"CRONYN"
"WOLVES DESIRE";"2006";"Metro Columbia";"CAMERON";"BAILEY"
"WOMEN DORADO";"2006";"Metro Columbia";"CHRISTOPHER";"BENING"
"WON DARES";"2006";"Metro Columbia";"CHRISTIAN";"CLOSE"
"WONDERFUL DROP";"2006";"Metro Columbia";"DUSTIN";"CRONYN"
"WONDERLAND CHRISTMAS";"2006";"Metro Columbia";"CHRIS";"BALE"
"WONKA SEA";"2006";"Metro Columbia";"HENRY";"BERRY"
"WORDS HUNTER";"2006";"Metro Columbia";"ADAM";"BENING"
"WORKER TARZAN";"2006";"Metro Columbia";"JAYNE";"BACALL"
"WORKING MICROCOSMOS";"2006";"Metro Columbia";"GEOFFREY";"BOLGER"
"WORLD LEATHERNECKS";"2006";"Metro Columbia";"CHRIS";"AKROYD"
"WORST BANGER";"2006";"Metro Columbia";"KIRSTEN";"AKROYD"
"WRATH MILE";"2006";"Metro Columbia";"CATE";"DEPP"
"WRONG BEHAVIOR";"2006";"Metro Columbia";"CARY";"CROWE"
"WYOMING STORM";"2006";"Metro Columbia";"BETTE";"BALE"
"YENTL IDAHO";"2006";"Metro Columbia";"REESE";"WEST"
"YOUNG LANGUAGE";"2006";"Metro Columbia";"CHRISTOPHER";"CHASE"
"YOUTH KICK";"2006";"Metro Columbia";"IAN";"BENING"
"ZHIVAGO CORE";"2006";"Metro Columbia";"GARY";"HACKMAN"
"ZOOLANDER FICTION";"2006";"Metro Columbia";"CARMEN";"CRONYN"
"ZORRO ARK";"2006";"Metro Columbia";"IAN";"DEGENERES"
