"dni";"nombre";"apellido_1";"apellido_2";"calle";"numero";"portal";"escalera";"piso";"localidad";"codigo_postal";"provincia";"dni_avalista"
"983942";"Lucia";"Sainz";"Alonso";"Imaginacion";"77";"4";"b";"10";"Alcorcon";"28888";"Madrid";"8712987"
"1047310";"Lucas";"Shannon";"Brewer";"323-7485 Nec Calle";"153";"8";"1";"23";"Mersin";"61102";"Mer";"8712987"
"1090701";"Caleb";"Valentine";"Bray";"Apdo.:355-2074 Nisi C.";"456";"9";"2";"5";"Hamburg";"0112";"HH";"8712987"
"1104255";"Bianca";"Nunez";"Maxwell";"606-5540 Convallis Avenida";"494";"6";"2";"24";"Goulburn";"25297";"NSW";"8712987"
"1112588";"Larissa";"Young";"Diaz";"Apartado núm.: 844, 659 Adipiscing Calle";"291";"3";"0";"19";"Ruoti";"H5X 2T8";"Basilicata";"8712987"
"1128556";"Brynne";"Clay";"Doyle";"197-2716 Lacus. Avenida";"234";"1";"3";"21";"San Rafael Abajo";"2540";"SJ";"8712987"
"1152334";"Xyla";"Key";"Gaines";"Apdo.:554-6460 Duis Carretera";"275";"7";"3";"30";"Kansas City";"20036";"Kansas";"8712987"
"1219415";"Garth";"Olson";"Mcguire";"3935 Magna. Av.";"32";"2";"2";"7";"Bama";"A73 2TJ";"BO";"8712987"
"1226966";"Tarik";"Michael";"Hanson";"Apdo.:646-3372 Eu Avda.";"339";"2";"0";"11";"Bruderheim";"T8X 6L0";"Alberta";"8712987"
"1242934";"Wing";"Dunn";"Rivers";"Apartado núm.: 171, 3361 Velit Avenida";"320";"8";"1";"1";"Sutton";"31913";"SR";"8712987"
"1271396";"Kevyn";"Silva";"Morin";"9239 Cursus, ";"56";"9";"3";"3";"Columbia";"H6P 0N4";"Maryland";"8712987"
"1300153";"Zeus";"Taylor";"Barrett";"Apartado núm.: 674, 3457 Lorem Av.";"108";"1";"0";"28";"Mogi das Cruzes";"63799";"São Paulo";"8712987"
"1366415";"Montana";"Gomez";"Donaldson";"Apartado núm.: 116, 4775 Nisi Ctra.";"373";"5";"2";"2";"Ottawa";"76114";"ON";"8712987"
"1367310";"Anjolie";"Roth";"Duffy";"462-9530 Nunc Avenida";"309";"5";"3";"26";"Ankara";"40611";"Ank";"8712987"
"1374925";"Coby";"Goodwin";"Fuller";"2820 Ultrices Avenida";"334";"5";"1";"20";"Ancaster Town";"94-868";"ON";"8712987"
"1421269";"Joelle";"Contreras";"Sampson";"3763 Nulla. Avenida";"149";"8";"3";"17";"Aubervilliers";"4142";"Île-de-France";"8712987"
"1487097";"Amaya";"Kennedy";"Lambert";"Apartado núm.: 689, 505 Felis Avenida";"176";"4";"0";"23";"Hofors";"18941";"Gävleborgs län";"8712987"
"1531590";"Jermaine";"Tanner";"Robertson";"5363 Viverra. Calle";"263";"1";"0";"24";"Karapinar";"797477";"Konya";"8712987"
"1595250";"Silas";"Hahn";"Hayden";"894-1711 Cras Avda.";"61";"2";"1";"10";"Campinas";"12184-007";"São Paulo";"8712987"
"1600348";"Hall";"Clay";"Kelley";"Apartado núm.: 427, 2746 Amet, Calle";"264";"6";"0";"3";"Jackson";"914256";"MS";"8712987"
"1613293";"Cora";"Cunningham";"Simon";"Apdo.:586-5537 Pellentesque Calle";"11";"2";"1";"9";"Malahide";"59284";"ON";"8712987"
"1614421";"Diana";"Hogan";"Bailey";"Apdo.:462-2404 Nonummy Avenida";"50";"9";"0";"18";"Dublin";"75703";"Leinster";"8712987"
"1627747";"Jason";"Dale";"Ewing";"Apartado núm.: 961, 8813 A Ctra.";"330";"6";"3";"24";"Nässjö";"15021";"F";"8712987"
"1715650";"Melissa";"Guerrero";"Armstrong";"Apdo.:505-2211 At, C.";"131";"3";"1";"30";"Boston";"98928";"MA";"8712987"
"1724536";"Leonard";"Ferrell";"Watkins";"161-3403 Lorem. Ctra.";"100";"2";"0";"21";"Phoenix";"66569";"AZ";"8712987"
"1740282";"Mari";"Foley";"Kent";"Apdo.:334-1267 Hendrerit Av.";"459";"1";"2";"11";"Ajaccio";"62388";"Corse";"8712987"
"1814807";"Reese";"Curry";"Wall";"7857 Lobortis Av.";"215";"3";"2";"29";"Te Puke";"397296";"North Island";"8712987"
"1837849";"Shellie";"Kemp";"Rodgers";"Apdo.:285-792 Penatibus ";"133";"10";"0";"12";"Alto Hospicio";"1570";"Tarapacá";"8712987"
"1853813";"Madaline";"Branch";"Garza";"Apdo.:940-630 Libero C/";"297";"7";"2";"6";"Berlin";"12473";"Berlin";"8712987"
"1857545";"Neville";"Drake";"Maldonado";"385-1277 Elit ";"40";"9";"3";"16";"Abeokuta";"759857";"OG";"8712987"
"1927531";"Dylan";"Daugherty";"Newton";"699-1551 Erat. C/";"292";"10";"0";"1";"Porirua";"67807";"NI";"8712987"
"1998341";"Uriah";"Reynolds";"Odonnell";"Apdo.:299-1157 Vitae, Carretera";"487";"3";"3";"27";"Topeka";"89138";"KS";"8712987"
"2002423";"Yoko";"Lott";"Whitney";"Apdo.:146-8329 Tincidunt Avda.";"189";"3";"0";"10";"Birecik";"7249";"Sanliurfa";"8712987"
"2028142";"Camden";"Day";"Ball";"5708 Nisl. C/";"435";"10";"2";"16";"Ellesmere Port";"8847";"Cheshire";"8712987"
"2032581";"Sydnee";"Castro";"Larsen";"Apartado núm.: 919, 6987 Dolor Av.";"97";"3";"0";"15";"Bama";"51224";"BO";"8712987"
"2038371";"James";"Caldwell";"Quinn";"8498 Lorem, C/";"471";"8";"2";"11";"Green Bay";"40291";"WI";"8712987"
"2064338";"Prescott";"Chandler";"Gilliam";"Apdo.:712-4984 Sit C/";"78";"2";"3";"13";"Santa Luzia";"8467";"Minas Gerais";"8712987"
"2090497";"Yasir";"Melton";"Leon";"Apdo.:327-262 Nulla Av.";"375";"6";"1";"1";"Ankara";"88031";"Ankara";"8712987"
"2111511";"Jocelyn";"Wilkinson";"Nieves";"8899 Tincidunt Avda.";"499";"6";"2";"25";"Geelong";"K6K 3V3";"VIC";"8712987"
"2219766";"Jael";"Knox";"Robinson";"872-2516 Ut ";"166";"5";"2";"25";"Polatli";"27050";"Ank";"8712987"
"2301304";"Dante";"Aguilar";"Daniel";"333-8151 Quisque C.";"490";"8";"3";"9";"Tarzo";"8555";"Veneto";"8712987"
"2309157";"James";"Russell";"Stark";"993-6846 Velit Avenida";"333";"6";"0";"28";"Uddevalla";"3931";"O";"8712987"
"2388548";"Savannah";"Fields";"Hendricks";"Apdo.:404-6453 Lacus. Carretera";"216";"9";"0";"12";"Cap-de-la-Madeleine";"45310";"Quebec";"8712987"
"2389552";"Gary";"Montgomery";"Cohen";"408-4657 Eu C.";"252";"9";"0";"30";"Siverek";"7605";"San";"8712987"
"2419174";"Karen";"Nicholson";"Knox";"283-442 Amet, ";"148";"6";"3";"1";"Vienna";"23489";"Vienna";"8712987"
"2440074";"Keefe";"Massey";"Mayo";"Apartado núm.: 764, 1484 Lorem C.";"211";"6";"2";"25";"Vienna";"Y3K 0P6";"Wie";"8712987"
"2521557";"Kirby";"Short";"Bartlett";"Apdo.:596-6231 Vivamus Avda.";"304";"4";"2";"22";"Grand Rapids";"95674-083";"Michigan";"8712987"
"2549698";"Brett";"Hodge";"Haney";"Apartado núm.: 102, 2099 Ligula C.";"243";"4";"1";"3";"Morrinsville";"12289";"North Island";"8712987"
"2582780";"Tad";"Joyce";"Salinas";"8836 Sapien. Calle";"415";"8";"3";"21";"Motueka";"5038";"SI";"8712987"
"2626128";"Shelley";"Vasquez";"Manning";"2869 Tincidunt Av.";"158";"8";"0";"8";"Hoofddorp";"6436";"N.";"8712987"
"2649331";"Jasper";"Park";"Pena";"Apdo.:923-4959 Sagittis C.";"230";"1";"1";"1";"Pace del Mela";"68598";"Sicilia";"8712987"
"2735030";"Ulric";"Cohen";"Wilkerson";"587-3350 Fermentum Avenida";"209";"3";"2";"30";"Imamoglu";"45027";"Adana";"8712987"
"2801145";"Dane";"Swanson";"Miranda";"9721 Arcu Av.";"328";"6";"3";"17";"Amlwch";"41717";"Anglesey";"8712987"
"2802713";"Linus";"Randolph";"Price";"3436 Congue. Av.";"220";"3";"2";"5";"Bangalore";"506244";"Karnataka";"8712987"
"2868816";"Ruth";"Norton";"Schroeder";"382-3637 Tincidunt ";"68";"1";"1";"24";"Upper Hutt";"71497";"North Island";"8712987"
"2895811";"Elliott";"Sandoval";"Walton";"Apdo.:338-4845 Vitae, Av.";"260";"8";"0";"6";"Slupsk";"S71 7DA";"Pomorskie";"8712987"
"2973456";"Tucker";"Dunlap";"Solomon";"Apartado núm.: 987, 2742 Magnis ";"373";"10";"0";"16";"Kerikeri";"73241";"NI";"8712987"
"2988543";"Emily";"Hall";"Clay";"Apdo.:660-8536 Dolor Av.";"476";"9";"2";"17";"Sereflikoçhisar";"793046";"Ank";"8712987"
"2997440";"Adam";"Nieves";"Thompson";"Apartado núm.: 346, 7039 Egestas Calle";"222";"4";"2";"28";"Clarksville";"123651";"Tennessee";"8712987"
"3026406";"Cara";"Head";"Long";"Apdo.:982-496 Consectetuer Ctra.";"367";"9";"0";"15";"Manukau";"67837";"NI";"8712987"
"3059426";"Nolan";"Tran";"Estrada";"377-7723 Sem, Ctra.";"374";"8";"2";"20";"Goiânia";"6240";"GO";"8712987"
"3060972";"Rudyard";"Fuller";"Dominguez";"4738 Nulla ";"124";"1";"0";"2";"Motala";"L6V 5A0";"Östergötlands län";"8712987"
"3062980";"Christopher";"Macias";"Valencia";"Apdo.:942-1657 Sit Avenida";"263";"6";"2";"30";"Durgapur";"71895";"West Bengal";"8712987"
"3080987";"Felicia";"Norris";"Freeman";"Apdo.:968-4454 Non, ";"78";"8";"1";"4";"Malbaie";"2917";"QC";"8712987"
"3092246";"Aquila";"Warner";"Mccormick";"8961 Feugiat. Carretera";"238";"6";"2";"20";"Galway";"17768";"Connacht";"8712987"
"3097461";"Cathleen";"Manning";"Blackwell";"Apdo.:764-140 Purus Avda.";"111";"6";"3";"13";"Vergemoli";"67174-156";"TOS";"8712987"
"3109901";"Isaiah";"Farrell";"Vincent";"4913 In Avda.";"374";"6";"1";"5";"Luino";"JR3 3YJ";"Lombardia";"8712987"
"3123813";"April";"Estes";"Wong";"Apdo.:444-2143 Odio. Carretera";"453";"4";"1";"4";"Las Palmas";"64494";"Canarias";"8712987"
"3161884";"Mollie";"Serrano";"Ingram";"1237 Semper ";"167";"7";"0";"15";"Meerhout";"47108";"Antwerpen";"8712987"
"3170698";"Ulysses";"Tillman";"Cervantes";"Apartado núm.: 633, 481 Tristique C.";"214";"10";"0";"28";"Billings";"7413";"MT";"8712987"
"3177195";"Jana";"Hatfield";"Baldwin";"812-668 Neque. Calle";"99";"6";"3";"28";"Kitchener";"613283";"Ontario";"8712987"
"3195963";"Sasha";"Chen";"Guzman";"554-4890 A, Carretera";"132";"10";"3";"4";"Winterswijk";"62084";"Gelderland";"8712987"
"3226054";"Libby";"Daniel";"Leonard";"Apdo.:778-3694 Odio ";"85";"5";"0";"4";"Ravenstein";"22384";"N.";"8712987"
"3226806";"Cathleen";"Wall";"Bernard";"579-571 Bibendum Calle";"162";"7";"0";"4";"Santa Luzia";"18217";"MG";"8712987"
"3319673";"Mariam";"Cardenas";"Stuart";"198-4538 Eu C.";"446";"7";"3";"15";"Contagem";"3708";"MG";"8712987"
"3330659";"Gregory";"Mathis";"Ochoa";"Apdo.:481-9174 Cras Avda.";"391";"5";"1";"6";"Wollongong";"94670";"NSW";"8712987"
"3338712";"Kuame";"Hubbard";"Bradley";"Apartado núm.: 793, 4089 Et Calle";"271";"6";"0";"30";"Kumbakonam";"14389";"Tamil Nadu";"8712987"
"3352010";"Gregory";"Hendrix";"Gonzales";"973-155 Aenean C/";"457";"6";"3";"16";"Edam";"96229-008";"N.";"8712987"
"3353050";"Wyoming";"Rollins";"Kelley";"Apdo.:900-7074 Metus. Calle";"18";"2";"2";"27";"Smetlede";"51110";"OV";"8712987"
"3388749";"Christopher";"Andrews";"Day";"611-3347 Nec, C/";"5";"6";"2";"27";"Madison";"99726";"Wisconsin";"8712987"
"3396617";"Germaine";"Gregory";"Hines";"6762 Orci C.";"154";"8";"1";"11";"Galway";"8868";"Connacht";"8712987"
"3411321";"Herman";"Daugherty";"Olson";"244-4515 Sapien. ";"282";"9";"1";"19";"Tourcoing";"12068";"NO";"8712987"
"3482825";"Ann";"Stokes";"Salazar";"Apartado núm.: 889, 8961 Dui. ";"480";"4";"0";"15";"Sluis";"53-561";"Zeeland";"8712987"
"3536492";"Ila";"Heath";"Mclean";"758-5570 Ligula Carretera";"214";"9";"2";"27";"Redlands";"B6Z 9M6";"QLD";"8712987"
"3541436";"Ross";"Cruz";"Cochran";"317-8297 Vitae, C.";"106";"3";"0";"12";"Gölcük";"9606";"Koc";"8712987"
"3617287";"Genevieve";"Vasquez";"Frye";"Apartado núm.: 404, 103 Phasellus C/";"228";"8";"3";"1";"Bauchi";"55847-295";"BA";"8712987"
"3625743";"Amal";"Calderon";"Hamilton";"Apartado núm.: 352, 1405 Risus. Avda.";"117";"6";"0";"8";"Okene";"990513";"KO";"8712987"
"3656768";"Tiger";"Wise";"Hill";"6539 Vel C/";"385";"5";"1";"10";"Telde";"60481-868";"Canarias";"8712987"
"3677017";"Cameron";"Bond";"Mcfarland";"580-6332 Aliquet Av.";"409";"4";"3";"23";"Juazeiro";"93057";"Bahia";"8712987"
"3712025";"Christian";"Perez";"Richmond";"Apdo.:944-5440 Morbi Ctra.";"37";"9";"1";"17";"Barcelona";"73990";"Catalunya";"8712987"
"3721271";"Margaret";"Castillo";"Sutton";"Apartado núm.: 233, 9834 Quis C/";"211";"6";"1";"15";"Scarborough";"5167";"ON";"8712987"
"3740537";"Jared";"Ross";"Buck";"914-3607 Maecenas Carretera";"159";"9";"3";"17";"Renca";"6708";"RM";"8712987"
"3782098";"Emerson";"Mcdonald";"Horton";"7469 Lacus. C.";"379";"3";"1";"15";"Manavgat";"198669";"Ant";"8712987"
"3902800";"Jada";"Alston";"Stewart";"2339 Sagittis ";"214";"3";"1";"19";"Diadema";"69363";"SP";"8712987"
"3912059";"Brendan";"Shaw";"Harvey";"Apdo.:252-2516 Pede, Av.";"273";"7";"3";"23";"Bremen";"361223";"Bremen";"8712987"
"3912261";"Zephr";"Hayden";"Higgins";"Apartado núm.: 578, 1080 Ac ";"272";"2";"0";"25";"Maunath Bhanjan";"62-446";"Uttar Pradesh";"8712987"
"3937949";"Rigel";"Rogers";"Reese";"Apdo.:617-5937 Sed Carretera";"12";"10";"3";"9";"San Francisco";"LY8 2OY";"Heredia";"8712987"
"3947252";"Jane";"Guzman";"Manning";"731 Nunc C/";"390";"7";"0";"24";"San Isidro";"8476 JA";"SJ";"8712987"
"3961581";"Karleigh";"Robles";"Maxwell";"Apartado núm.: 208, 5407 Urna. Calle";"124";"4";"1";"25";"Augusta";"4511";"ME";"8712987"
"3974162";"Armand";"Camacho";"Odonnell";"Apartado núm.: 852, 3867 Metus Carretera";"1";"10";"0";"3";"Prince Albert";"5897 AS";"SK";"8712987"
"4015886";"Anika";"Williams";"Kramer";"Apdo.:380-328 Tristique Avenida";"72";"9";"3";"12";"Villa Cortese";"53685";"LOM";"8712987"
"4042681";"Jaden";"Wong";"Hartman";"Apartado núm.: 324, 9110 Nullam Carretera";"73";"4";"0";"10";"Béthune";"56276";"NO";"8712987"
"4045329";"Rosalyn";"Conway";"Burks";"240-4737 Molestie C/";"78";"3";"3";"28";"Piotrków Trybunalski";"76706";"LD";"8712987"
"4056195";"Eliana";"Davenport";"Mcintosh";"Apdo.:960-1834 Odio ";"415";"8";"1";"7";"PiŽtrain";"9408 VH";"Waals-Brabant";"8712987"
"4123770";"Jaquelyn";"Newton";"Carpenter";"2772 Lacus. Avda.";"270";"6";"1";"11";"Mauá";"335999";"São Paulo";"8712987"
"4157628";"Serina";"Foley";"Adkins";"Apartado núm.: 115, 9522 Nibh ";"127";"5";"3";"27";"Offenburg";"442254";"BW";"8712987"
"4177655";"Victoria";"Gilliam";"Harrison";"Apartado núm.: 572, 6746 Lorem Ctra.";"392";"1";"0";"21";"Bharuch";"565240";"GJ";"8712987"
"4209718";"Maxwell";"Haynes";"Sweeney";"Apartado núm.: 975, 2298 Vel, Avenida";"172";"3";"0";"20";"Alanya";"52454";"Antalya";"8712987"
"4243909";"Jerry";"Swanson";"Good";"220-8196 Per C/";"286";"4";"2";"17";"Bremen";"636025";"HB";"8712987"
"4251700";"Uta";"Dale";"Snyder";"Apartado núm.: 190, 9962 Ac Calle";"375";"8";"0";"17";"Minneapolis";"04509";"MN";"8712987"
"4296886";"Travis";"Petty";"Emerson";"Apartado núm.: 395, 2042 Risus. Av.";"6";"1";"0";"24";"Mielec";"1775";"Podkarpackie";"8712987"
"4339954";"Oleg";"Davidson";"Avery";"981-409 Bibendum. ";"426";"6";"0";"16";"Cinco Esquinas";"76260";"SJ";"8712987"
"4348161";"Ruth";"Mccullough";"Vincent";"Apdo.:892-3234 Pede. Av.";"65";"9";"0";"30";"Zielona Góra";"2822";"LB";"8712987"
"4371895";"Kamal";"Wilkinson";"Hyde";"Apartado núm.: 800, 6353 Velit. C.";"170";"9";"3";"3";"Pila";"20855";"WP";"8712987"
"4378039";"Barry";"Fox";"Cochran";"680-4982 Nonummy Avenida";"288";"9";"0";"15";"Wardha";"13482";"MH";"8712987"
"4477405";"Germane";"Holder";"Noble";"Apdo.:634-7956 Placerat, Carretera";"320";"9";"2";"14";"Nässjö";"33797";"Jönköpings län";"8712987"
"4538377";"Reuben";"Moss";"Scott";"Apartado núm.: 503, 3234 Nec Carretera";"257";"7";"2";"21";"New Plymouth";"22650-386";"North Island";"8712987"
"4561581";"Darius";"Stone";"Mcdaniel";"682-5790 Nibh Avda.";"315";"6";"2";"23";"Saharanpur";"19227";"UP";"8712987"
"4614417";"Amelia";"Dudley";"Baldwin";"Apartado núm.: 752, 3615 Ligula. Avda.";"315";"9";"1";"14";"Cairns";"16-875";"Queensland";"8712987"
"4645818";"Lynn";"Gutierrez";"Baxter";"4114 Venenatis ";"429";"8";"2";"10";"Moe";"86673";"Victoria";"8712987"
"4690997";"Tanner";"Moses";"Rosa";"4539 Elit C.";"339";"2";"2";"15";"Afsin";"3595";"Kah";"8712987"
"4750233";"Shaeleigh";"Hess";"Barrera";"1594 Auctor ";"40";"1";"2";"13";"Ancona";"1359";"Marche";"8712987"
"4764063";"Linda";"Moses";"Lindsay";"Apartado núm.: 758, 6426 Eu, Calle";"497";"4";"3";"1";"Greater Sudbury";"02450";"Ontario";"8712987"
"4787666";"Hadley";"Moody";"Hobbs";"6198 Cursus, C/";"48";"2";"2";"7";"Albury";"915669";"New South Wales";"8712987"
"4792035";"Tamekah";"Adams";"Durham";"1379 Auctor. Av.";"271";"5";"0";"2";"West Valley City";"7545 CN";"UT";"8712987"
"4844132";"Malachi";"Jefferson";"Fitzpatrick";"400-1284 Lectus Avenida";"395";"3";"1";"25";"Vernole";"02221";"Puglia";"8712987"
"4866971";"Victoria";"Hendricks";"Brooks";"Apdo.:553-7096 Ultricies Av.";"406";"5";"2";"19";"Zaventem";"29185";"Vlaams-Brabant";"8712987"
"4873123";"Ira";"Slater";"Waters";"Apdo.:924-2148 Magna, Carretera";"461";"9";"1";"1";"San Rafael";"29494";"Alajuela";"8712987"
"4882196";"Tanisha";"Sullivan";"Wiley";"9827 Nunc ";"458";"1";"3";"7";"Castelló";"44690";"Comunitat Valenciana";"8712987"
"4892622";"Timon";"Powers";"Gill";"Apdo.:675-605 Montes, ";"462";"3";"2";"29";"Schagen";"52177";"N.";"8712987"
"4909429";"Tamekah";"Woodard";"Frye";"9573 Semper C.";"156";"4";"0";"8";"Heusden";"39-003";"Oost-Vlaanderen";"8712987"
"4945255";"Colette";"Case";"Parrish";"Apdo.:213-1492 Praesent C.";"43";"9";"1";"26";"Viransehir";"48833";"San";"8712987"
"4945541";"Ori";"Woodard";"Joyner";"Apartado núm.: 184, 3734 Lorem ";"413";"6";"3";"19";"Cheyenne";"142724";"WY";"8712987"
"4970464";"Jarrod";"Hill";"Bowman";"6528 Nisi. ";"305";"9";"3";"26";"Godhra";"12023";"GJ";"8712987"
"5006451";"Lana";"Macias";"Cooley";"1970 Pharetra Carretera";"99";"8";"0";"9";"Champlain";"29-576";"Quebec";"8712987"
"5007155";"Lionel";"Heath";"Washington";"Apartado núm.: 678, 1923 Vitae Ctra.";"257";"9";"0";"4";"Warszawa";"72346";"Mazowieckie";"8712987"
"5049976";"Mufutau";"Bowers";"Travis";"3328 Ut Calle";"475";"8";"0";"20";"Nijmegen";"15199";"Gl";"8712987"
"5060363";"Gay";"Campos";"Blanchard";"Apartado núm.: 644, 9446 Tellus. Av.";"99";"8";"3";"9";"Berlin";"II4F 1ON";"Berlin";"8712987"
"5067617";"Vivian";"Sanford";"Dudley";"Apartado núm.: 407, 2101 Neque ";"336";"9";"1";"25";"Montague";"2290";"PE";"8712987"
"5083198";"Isabella";"York";"Todd";"Apartado núm.: 785, 6382 Mauris Carretera";"417";"4";"2";"6";"San Rafael";"206651";"A";"8712987"
"5095734";"Maia";"Kent";"Hopkins";"853 Gravida Calle";"391";"10";"3";"24";"Hathras";"70518";"Uttar Pradesh";"8712987"
"5104750";"Kennan";"Cardenas";"Gonzales";"Apdo.:595-5567 Proin Calle";"404";"2";"1";"3";"Issy-les-Moulineaux";"39514-582";"Île-de-France";"8712987"
"5110898";"Diana";"Morris";"Sanchez";"328-6900 Ut ";"415";"1";"2";"13";"Skövde";"7453";"Västra Götalands län";"8712987"
"5140279";"Paula";"Bass";"Mosley";"750-9812 Pretium C.";"245";"7";"1";"7";"Istanbul";"37-992";"Istanbul";"8712987"
"5181452";"Fritz";"Grant";"Gates";"Apartado núm.: 522, 5216 Et Carretera";"353";"1";"2";"9";"Halen";"60-471";"L.";"8712987"
"5204796";"Ariana";"Woodward";"Dudley";"Apartado núm.: 203, 1081 Senectus ";"71";"9";"1";"23";"Jönköping";"JB3 1CN";"Jönköpings län";"8712987"
"5207765";"Jamal";"Sutton";"Simmons";"8377 Tellus. Calle";"269";"9";"2";"20";"San Rafael";"831316";"A";"8712987"
"5227745";"Lilah";"Barker";"Herman";"Apartado núm.: 517, 3732 Porttitor Ctra.";"499";"4";"2";"28";"Bairnsdale";"W6 4GL";"Victoria";"8712987"
"5289152";"Gavin";"Ayala";"Landry";"Apdo.:750-3915 Quisque Av.";"416";"7";"0";"21";"Limoges";"803316";"LI";"8712987"
"5289595";"Autumn";"Pace";"Hernandez";"9004 Facilisis C.";"350";"9";"0";"23";"Pike Creek";"2786 OJ";"DE";"8712987"
"5321569";"Nomlanga";"Wise";"Riddle";"827-9955 Rhoncus. C.";"65";"9";"0";"21";"Berlin";"39922";"Berlin";"8712987"
"5352742";"Cade";"Rivers";"Anderson";"Apartado núm.: 930, 2363 Molestie Avda.";"446";"8";"3";"21";"Belfast";"086670";"Ulster";"8712987"
"5363570";"Yvette";"Cervantes";"Mcclain";"Apdo.:305-7782 Est. Ctra.";"225";"6";"0";"29";"Dublin";"8197 PA";"L";"8712987"
"5400740";"Nolan";"Mcmillan";"Mays";"Apdo.:792-2706 Ut C/";"351";"1";"2";"1";"Stirling";"03765";"Stirlingshire";"8712987"
"5408464";"MacKensie";"Merritt";"Mckenzie";"Apdo.:807-3270 Consectetuer, Av.";"146";"9";"3";"20";"Berlin";"8875";"Berlin";"8712987"
"5431848";"Macaulay";"Stanton";"Avila";"Apartado núm.: 113, 5791 Suspendisse Ctra.";"63";"9";"2";"25";"Cantley";"0526 VT";"Quebec";"8712987"
"5434518";"Hop";"Ross";"Cervantes";"Apdo.:226-2722 Placerat, Avda.";"82";"3";"0";"13";"Rotorua";"732265";"NI";"8712987"
"5455575";"Michelle";"Freeman";"Middleton";"Apdo.:141-7413 Pede, C.";"299";"6";"3";"8";"Spijkenisse";"233152";"Zuid Holland";"8712987"
"5517392";"Maisie";"Goodwin";"Fox";"199-8937 Iaculis Avenida";"293";"3";"2";"25";"Nimy";"36754";"Henegouwen";"8712987"
"5543570";"Josiah";"Martin";"Kemp";"589 Morbi Avda.";"187";"8";"2";"7";"Tacoma";"95803";"Washington";"8712987"
"5549615";"Reese";"Cannon";"Santana";"2080 Duis Calle";"235";"5";"1";"12";"Ribeirão das Neves";"82716";"Minas Gerais";"8712987"
"5604865";"Valentine";"Murray";"Garrison";"Apartado núm.: 312, 3074 Mi. C/";"423";"4";"0";"7";"Mustafakemalpasa";"N2T 0T8";"Bursa";"8712987"
"5692315";"Curran";"Baldwin";"Nicholson";"485-1017 Enim, C/";"240";"8";"3";"28";"Glasgow";"204816";"Lanarkshire";"8712987"
"5707862";"Chancellor";"Combs";"Lloyd";"Apdo.:116-3530 Ligula. Avda.";"348";"10";"3";"3";"Levallois-Perret";"345862";"Île-de-France";"8712987"
"5717850";"Harriet";"Boyd";"Hinton";"Apartado núm.: 446, 8855 Tellus, C.";"419";"3";"2";"30";"Portland";"34956";"ME";"8712987"
"5796840";"Arden";"Rodriguez";"Hebert";"Apdo.:148-1166 Quisque Avda.";"253";"1";"3";"7";"Detroit";"236670";"MI";"8712987"
"5811520";"Austin";"Stone";"Dillon";"Apartado núm.: 496, 1487 Egestas C/";"33";"9";"3";"6";"Lublin";"15483-537";"LU";"8712987"
"5841959";"Dennis";"Bishop";"Pruitt";"534-303 Non, C.";"170";"2";"0";"26";"Scarborough";"K0P 7X0";"ON";"8712987"
"5844785";"Garrison";"Drake";"Gill";"Apdo.:617-2048 Vulputate, Carretera";"287";"8";"1";"23";"Ogbomosho";"C6X 3K4";"OY";"8712987"
"5859260";"Alexander";"Woodward";"Guerrero";"Apartado núm.: 296, 1313 Pede. Carretera";"261";"6";"3";"9";"Berlin";"8269";"BE";"8712987"
"5879908";"Brooke";"Larson";"Morrison";"2282 Rutrum Calle";"104";"3";"2";"22";"Thionville";"52433";"LO";"8712987"
"5903244";"Kelly";"Mccormick";"Gilbert";"560-9132 Nam Calle";"381";"2";"1";"21";"Monte San Pietrangeli";"75584";"Marche";"8712987"
"5923022";"Cade";"Gross";"Dickerson";"9861 Quam Calle";"20";"9";"1";"11";"Lo Barnechea";"668935";"RM";"8712987"
"5926594";"Yardley";"Barber";"Mcdowell";"Apartado núm.: 499, 3416 Enim C.";"129";"1";"2";"25";"Hamburg";"M4L 5N0";"Hamburg";"8712987"
"5935503";"Peter";"Frank";"Mack";"Apdo.:599-1575 At Calle";"176";"9";"3";"12";"Kraków";"46-830";"Malopolskie";"8712987"
"6020112";"Colt";"Roman";"Mcfadden";"745-3722 Tristique Avda.";"323";"1";"1";"30";"Vienna";"7624";"Wie";"8712987"
"6025744";"Peter";"Guzman";"Harvey";"Apartado núm.: 854, 1723 Vestibulum C/";"269";"5";"2";"15";"Hamburg";"40435-429";"Hamburg";"8712987"
"6066831";"Larissa";"Townsend";"Dalton";"154-4516 In ";"377";"2";"0";"2";"Newcastle-upon-Tyne";"57917";"Northumberland";"8712987"
"6085542";"Flynn";"Stout";"Mooney";"Apartado núm.: 944, 1842 Iaculis Av.";"409";"10";"1";"12";"Ránquil";"GC1 7WO";"Biobío";"8712987"
"6106511";"Camille";"Foster";"Warren";"Apartado núm.: 503, 224 Sem Calle";"363";"2";"3";"14";"Quintero";"55960";"V";"8712987"
"6109823";"Oleg";"Diaz";"Ayala";"2472 Rutrum Calle";"169";"7";"0";"19";"Graven Grez-Doiceau";"73207";"Waals-Brabant";"8712987"
"6199898";"Marcia";"Douglas";"Duffy";"5031 Amet, Avda.";"255";"7";"0";"11";"Ulloa (Barrial)";"384780";"H";"8712987"
"6205671";"Sasha";"Witt";"Willis";"Apartado núm.: 435, 3767 A Carretera";"232";"2";"2";"28";"Mathura";"X3A 0P9";"Uttar Pradesh";"8712987"
"6230998";"Raja";"Alston";"Russo";"430-1024 Elit, C/";"491";"3";"1";"10";"Hamburg";"85586";"Hamburg";"8712987"
"6254344";"Fleur";"Mckay";"Calderon";"Apartado núm.: 641, 9695 Ac C.";"175";"5";"2";"2";"Ch‰tillon";"N1Y 7P7";"LX";"8712987"
"6257175";"Echo";"Humphrey";"Colon";"676-3049 Fringilla ";"483";"6";"1";"27";"Bostaniçi";"61-060";"Van";"8712987"
"6277587";"Larissa";"Kemp";"Russo";"Apartado núm.: 661, 8512 Dui, Carretera";"177";"5";"2";"10";"Kilmalcolm";"40109-569";"Renfrewshire";"8712987"
"6351833";"Chaney";"Atkinson";"Holt";"517-4998 Torquent Calle";"155";"9";"3";"9";"Huntly";"8147";"North Island";"8712987"
"6357091";"Plato";"Frederick";"Chandler";"5393 Dolor Ctra.";"88";"4";"0";"12";"Berlin";"69-776";"Berlin";"8712987"
"6366900";"Illana";"Barker";"Benton";"Apdo.:125-9842 Purus Avenida";"382";"3";"3";"6";"Port Alice";"55543";"BC";"8712987"
"6410689";"Sage";"Gibbs";"Blevins";"Apdo.:192-256 Tincidunt Av.";"101";"9";"2";"23";"Vienna";"10607";"Vienna";"8712987"
"6430840";"Orli";"Hyde";"Brewer";"378-803 Sed Ctra.";"268";"8";"2";"27";"San Rafael";"41967";"A";"8712987"
"6435965";"Priscilla";"Palmer";"Curtis";"924-2608 Eu Avenida";"70";"1";"2";"29";"Bremerhaven";"X3P 7NN";"HB";"8712987"
"6569715";"Yoko";"Ashley";"Houston";"916-5103 Ornare ";"315";"9";"0";"2";"Auburn";"386884";"ME";"8712987"
"6742783";"Robert";"Nash";"Hutchinson";"941-1310 Quisque Avenida";"470";"8";"2";"3";"Nelson";"2530 EG";"South Island";"8712987"
"6759043";"Athena";"Morales";"Hamilton";"7332 Amet, Carretera";"407";"9";"3";"5";"Mataró";"30417";"CA";"8712987"
"6797171";"Malcolm";"Shannon";"Mcgee";"Apartado núm.: 927, 7948 Neque C.";"204";"2";"3";"12";"Oviedo";"11471";"AS";"8712987"
"6839423";"Wyatt";"Mcdaniel";"Pate";"Apdo.:144-8221 At C/";"275";"9";"1";"29";"Doetinchem";"617337";"Gl";"8712987"
"6973675";"Orla";"Hicks";"Holder";"964-5796 Montes, Ctra.";"240";"6";"1";"16";"Vienna";"8923";"Vienna";"8712987"
"7024727";"Mollie";"Preston";"Wilder";"867-3902 Lobortis Calle";"91";"7";"1";"30";"Kollam";"78021-388";"Kerala";"8712987"
"7049226";"Jaime";"Welch";"Adams";"9490 Nulla C/";"128";"3";"0";"22";"Feilding";"3251";"NI";"8712987"
"7065629";"Reed";"Heath";"Stephens";"Apartado núm.: 603, 4533 Donec ";"13";"3";"2";"6";"Istanbul";"9691";"Istanbul";"8712987"
"7073732";"Hilary";"Quinn";"Conner";"6493 Magnis Avda.";"225";"1";"0";"2";"Berlin";"56979";"BE";"8712987"
"7122384";"Lydia";"Burch";"Flores";"5302 Eu, Av.";"466";"5";"1";"8";"El Quisco";"439142";"Valparaíso";"8712987"
"7140031";"Christian";"Vaughan";"Sargent";"1400 Aliquam ";"313";"6";"0";"25";"Çermik";"18263";"Diy";"8712987"
"7141435";"Yasir";"Mcpherson";"Rodriquez";"Apdo.:559-3761 Ac Carretera";"308";"7";"1";"17";"Calle Blancos";"63029";"SJ";"8712987"
"7161328";"Debra";"Whitley";"Holmes";"Apdo.:711-2086 Nisi Avda.";"12";"8";"0";"18";"Gboko";"20376";"BE";"8712987"
"7212940";"Shay";"Ewing";"Shaffer";"689-3677 Nunc ";"115";"10";"2";"2";"Banff";"3765";"Banffshire";"8712987"
"7213386";"Raja";"Stanley";"Salinas";"Apdo.:582-5231 Donec Avda.";"469";"4";"2";"6";"Istanbul";"9655";"Istanbul";"8712987"
"7299528";"Haviva";"Tanner";"Rocha";"Apdo.:812-2397 Ac Calle";"175";"6";"0";"9";"Blieskastel";"6604";"SL";"8712987"
"7419046";"Casey";"Campbell";"Michael";"Apartado núm.: 391, 3460 Luctus Carretera";"384";"3";"0";"1";"Montgomery";"5364";"AL";"8712987"
"7434337";"Ayanna";"Lynch";"Solis";"Apartado núm.: 766, 4072 Nulla Av.";"351";"3";"1";"24";"Jammu";"53079";"JK";"8712987"
"7453835";"Clinton";"Bishop";"Mcgee";"186-8974 Etiam Ctra.";"443";"5";"1";"9";"Jefferson City";"03797";"Missouri";"8712987"
"7454854";"Lara";"Daniel";"Harrell";"313-108 Sem Avda.";"475";"1";"2";"8";"Dutse";"L6B 5Z5";"JI";"8712987"
"7492303";"Hu";"Fernandez";"Robinson";"390 Duis ";"409";"8";"0";"5";"Borås";"35657";"Västra Götalands län";"8712987"
"7496372";"Lester";"Dawson";"Kerr";"6029 In, C/";"107";"8";"3";"16";"Cessnock";"08-094";"New South Wales";"8712987"
"7517263";"Laurel";"Rosales";"Alston";"Apartado núm.: 930, 1109 Natoque ";"447";"5";"1";"11";"Enkhuizen";"50929";"N.";"8712987"
"7536288";"Evangeline";"Francis";"Johnston";"4368 Semper Ctra.";"441";"4";"0";"30";"Maubeuge";"G3S 5LS";"NO";"8712987"
"7562860";"Blake";"Duran";"Reid";"Apdo.:805-2058 Ligula. C.";"421";"7";"1";"23";"San Rafael";"51121";"C";"8712987"
"7580937";"Price";"Ray";"Moran";"Apdo.:447-280 Parturient Carretera";"392";"3";"2";"4";"Dublin";"855728";"L";"8712987"
"7644290";"Merrill";"Rodriguez";"Hooper";"652-5456 Inceptos Ctra.";"373";"10";"0";"23";"Vienna";"X22 6YF";"Vienna";"8712987"
"7648741";"Jennifer";"Sweet";"Delaney";"3645 Phasellus Avenida";"451";"2";"0";"5";"San Cristóbal de la Laguna";"232196";"Canarias";"8712987"
"7655501";"Rhonda";"Solis";"Heath";"Apdo.:953-940 Auctor Carretera";"428";"9";"2";"30";"Aurora";"2224";"Colorado";"8712987"
"7745464";"Hilda";"Montgomery";"Garza";"4810 Diam. C.";"363";"2";"0";"2";"Meise";"30420";"Vlaams-Brabant";"8712987"
"7792159";"Brynn";"Lloyd";"Mcguire";"167-443 Enim. Carretera";"315";"8";"0";"11";"Nässjö";"20995";"F";"8712987"
"7794228";"Jolene";"Fernandez";"Mathis";"2053 Vel Av.";"148";"7";"0";"14";"Campinas";"E4B 4B8";"São Paulo";"8712987"
"7817743";"Hamilton";"Dillard";"Witt";"Apdo.:801-3412 Non C.";"244";"3";"1";"11";"Raurkela Civil Township";"55436-213";"Odisha";"8712987"
"7841943";"Cain";"Cochran";"Ramirez";"6850 Malesuada Avda.";"149";"10";"3";"5";"Santarém";"67404-905";"Pará";"8712987"
"7895279";"Paula";"Stewart";"Velez";"Apdo.:415-9113 Imperdiet, Ctra.";"64";"4";"2";"16";"Colleretto Castelnuovo";"60815";"PIE";"8712987"
"8000060";"Zachary";"Phelps";"Burch";"Apdo.:801-3097 Accumsan Avenida";"136";"8";"1";"7";"Davenport";"49880";"IA";"8712987"
"8064542";"Kenyon";"Burris";"Benton";"664-1375 Feugiat Avenida";"425";"4";"3";"2";"Warszawa";"00219";"Mazowieckie";"8712987"
"8115037";"Abbot";"Knapp";"Sykes";"918-3265 Odio. C.";"214";"9";"1";"18";"Jönköping";"535137";"F";"8712987"
"8127837";"Wallace";"Espinoza";"Molina";"176-9944 Lorem Avenida";"484";"10";"0";"27";"Cap-de-la-Madeleine";"57237-102";"QC";"8712987"
"8128841";"Fuller";"Schmidt";"Gilbert";"Apdo.:158-447 Lobortis C/";"334";"2";"1";"27";"Vienna";"40907";"Vienna";"8712987"
"8152202";"Noah";"Copeland";"Malone";"Apdo.:297-260 Consectetuer C.";"109";"4";"2";"28";"Belfast";"43405";"U";"8712987"
"8162408";"Zephr";"Cabrera";"Parks";"Apartado núm.: 468, 4907 Ipsum Ctra.";"20";"4";"1";"4";"Invercargill";"460146";"South Island";"8712987"
"8205931";"Irma";"Gentry";"Kaufman";"6901 Ut C.";"446";"8";"0";"22";"Ledbury";"21425";"HE";"8712987"
"8258836";"Zeph";"Bauer";"Melton";"Apdo.:690-2068 Cursus Av.";"93";"1";"2";"7";"Chesapeake";"235269";"Virginia";"8712987"
"8284925";"Christen";"Kelley";"Salazar";"4386 Ac C/";"34";"4";"2";"16";"Murdochville";"8603";"QC";"8712987"
"8318716";"Dillon";"Garza";"Potter";"Apartado núm.: 567, 7580 Ultricies Carretera";"242";"4";"1";"8";"Queenstown";"G3B 1P6";"South Island";"8712987"
"8385697";"Quentin";"Flynn";"Hansen";"368-1301 Faucibus Avenida";"130";"9";"3";"19";"Heilbronn";"55621";"Baden";"8712987"
"8388325";"Herman";"Nicholson";"Lindsay";"370-8959 Aliquet Calle";"239";"3";"3";"28";"Huntly";"09351";"North Island";"8712987"
"8435260";"Cherokee";"Reilly";"Cabrera";"336-5985 Vitae Avenida";"477";"1";"0";"2";"Turnhout";"432399";"AN";"8712987"
"8454986";"Vaughan";"Buckner";"Moran";"849-7785 Sem Ctra.";"319";"7";"0";"4";"Tarragona";"7611";"CA";"8712987"
"8471297";"Larissa";"Blevins";"Hoffman";"399-4425 Aenean Calle";"442";"3";"1";"24";"Juazeiro do Norte";"14882";"Ceará";"8712987"
"8530440";"Griffin";"Casey";"Juarez";"Apartado núm.: 808, 1276 Lectus Avenida";"147";"4";"3";"29";"Versailles";"5267";"IL";"8712987"
"8583552";"Charde";"Lambert";"Haney";"Apdo.:418-4036 Venenatis Calle";"86";"10";"0";"12";"Reyhanli";"27215";"Hatay";"8712987"
"8634625";"Marsden";"Jacobs";"Fletcher";"Apdo.:484-7748 Class C.";"443";"6";"2";"28";"Galashiels";"082705";"Selkirkshire";"8712987"
"8648443";"Jolie";"Everett";"Grant";"Apartado núm.: 862, 7368 Nunc Ctra.";"282";"6";"2";"27";"Wrexham";"5875";"DE";"8712987"
"8669703";"Sybill";"Ballard";"Cameron";"180-509 Quis, C.";"210";"1";"1";"12";"Borås";"48345";"Västra Götalands län";"8712987"
"8673948";"Blossom";"Woods";"Frederick";"Apartado núm.: 498, 1784 Sit Carretera";"203";"10";"3";"21";"Upplands Väsby";"57454";"AB";"8712987"
"8693555";"Benedict";"Wood";"Bates";"7222 Justo. C.";"324";"5";"0";"1";"Hawera";"2983 UM";"North Island";"8712987"
"8712987";"Juan";"Alvarez";"Quintero";"Pez";"2";NULL;NULL;"4";"Madrid";"28003";"Madrid";NULL
"8727451";"Laurel";"Avila";"Branch";"763-3313 Ipsum Avenida";"389";"2";"3";"4";"Vienna";"3947";"Wie";"8712987"
"8749957";"Marny";"Parsons";"Lindsey";"699-1652 Dictum Av.";"403";"2";"0";"28";"Tirrases";"99234";"SJ";"8712987"
"8752624";"Alisa";"Mckenzie";"Boyer";"Apartado núm.: 692, 7626 Posuere, C.";"2";"3";"1";"5";"San José de Alajuela";"47682";"Alajuela";"8712987"
"8772881";"Georgia";"Holt";"Stone";"Apartado núm.: 972, 270 Lobortis Ctra.";"437";"8";"1";"5";"Richmond Hill";"9883";"ON";"8712987"
"8891233";"Kelly";"Larson";"Kelley";"1598 Ultricies Av.";"120";"2";"0";"2";"Vienna";"9619";"Vienna";"8712987"
"8968469";"Silas";"Cross";"Mcconnell";"383-8749 Convallis Avda.";"425";"2";"0";"2";"Vienna";"60850";"Vienna";"8712987"
"8976987";"Ignacia";"Trevino";"Wilcox";"Apdo.:942-1572 Et ";"159";"5";"1";"19";"Saint-Georges";"1806";"Quebec";"8712987"
"8999668";"Shea";"Burks";"Bentley";"7849 Pharetra, C/";"182";"1";"2";"21";"Zaanstad";"58-190";"N.";"8712987"
"9027051";"Mariko";"Keller";"Randolph";"798-8068 Semper ";"41";"7";"0";"18";"Morrinsville";"550443";"North Island";"8712987"
"9042964";"Ahmed";"Langley";"Mckinney";"296-4673 Ac, Calle";"38";"1";"3";"12";"Galway";"67914";"C";"8712987"
"9154426";"Naomi";"Burch";"Puckett";"6741 Dignissim Avda.";"400";"1";"1";"2";"Maiduguri";"71019";"Borno";"8712987"
"9169460";"Michael";"Booker";"Charles";"123-8659 Sit Calle";"430";"8";"1";"18";"Cisterna di Latina";"306546";"LAZ";"8712987"
"9169526";"Nita";"Espinoza";"Riggs";"Apdo.:799-6379 Blandit Avenida";"2";"6";"0";"2";"Notre-Dame-de-la-Salette";"4757";"Quebec";"8712987"
"9171007";"Alan";"Bowman";"Allison";"Apartado núm.: 565, 2077 Vestibulum Avenida";"30";"10";"3";"17";"Móstoles";"91403";"Madrid";"8712987"
"9189771";"Hyatt";"Boyd";"Hogan";"Apdo.:787-8376 Sollicitudin ";"349";"2";"1";"20";"Hulst";"40415";"Zeeland";"8712987"
"9251587";"Rhiannon";"Santana";"Ortega";"Apartado núm.: 734, 5657 Vestibulum Carretera";"136";"5";"0";"30";"Ottawa-Carleton";"9498";"Ontario";"8712987"
"9264040";"Amber";"Nolan";"Pennington";"355-4773 Dapibus C/";"194";"6";"1";"5";"Castor";"2308";"AB";"8712987"
"9280261";"Neve";"Mcgee";"Greene";"5960 Nibh Calle";"273";"6";"1";"14";"Hilo";"8013 NF";"Hawaii";"8712987"
"9308823";"Mollie";"Rasmussen";"Mueller";"7982 Arcu. C.";"449";"5";"3";"4";"Ballarat";"7096";"VIC";"8712987"
"9315460";"Marcia";"Lee";"Wallace";"Apartado núm.: 991, 3349 Mauris Avenida";"259";"10";"0";"11";"Sluis";"70994";"Zl";"8712987"
"9333714";"Harding";"Miles";"Simon";"Apartado núm.: 844, 6953 Feugiat. Calle";"388";"4";"0";"9";"GŽrouville";"31815";"Luxemburg";"8712987"
"9335426";"Melanie";"Randolph";"Daniel";"829-6554 Dolor C/";"243";"1";"0";"14";"Frauenkirchen";"92-788";"Bgl";"8712987"
"9343348";"Giacomo";"Ochoa";"Cline";"Apartado núm.: 212, 1911 Sollicitudin Ctra.";"249";"10";"0";"9";"Baricella";"75381";"ERM";"8712987"
"9393929";"Oscar";"Watts";"Robles";"Apartado núm.: 513, 9016 Aenean Calle";"287";"9";"1";"25";"Forio";"589098";"CAM";"8712987"
"9397111";"Nathan";"Gilliam";"Blackburn";"Apartado núm.: 214, 5901 Mauris Calle";"436";"2";"2";"14";"Motala";"028591";"E";"8712987"
"9415942";"Kennan";"Delaney";"Cabrera";"5234 Per ";"396";"6";"2";"6";"Dorval";"06932";"QC";"8712987"
"9478514";"Yvonne";"James";"Dunlap";"Apdo.:516-9940 Eu C/";"308";"9";"0";"14";"Ercis";"1493";"Van";"8712987"
"9499521";"MacKensie";"Pruitt";"Crawford";"1451 Ipsum C.";"319";"1";"1";"6";"Avennes";"99312";"LU";"8712987"
"9550962";"Paul";"Burt";"Johnson";"889-5808 Consequat Calle";"190";"6";"0";"16";"San Isidro de El General";"57007-114";"San José";"8712987"
"9556337";"Catherine";"Mcleod";"Koch";"8041 Pharetra Ctra.";"275";"9";"2";"6";"Alloa";"93-713";"Clackmannanshire";"8712987"
"9559022";"Dexter";"Mccray";"Melendez";"Apartado núm.: 872, 1601 Ullamcorper, Avda.";"413";"6";"0";"12";"Borås";"6528";"Västra Götalands län";"8712987"
"9572477";"Lacota";"Wheeler";"Kline";"1414 Quam. ";"245";"8";"1";"8";"Edremit";"16127";"Balikesir";"8712987"
"9573841";"Carolyn";"Gay";"Le";"Apartado núm.: 674, 6744 Natoque Avda.";"381";"6";"3";"16";"Vagli Sotto";"2748 IE";"TOS";"8712987"
"9580346";"Tyrone";"Irwin";"Trevino";"502-8606 Et ";"261";"8";"2";"3";"Mielec";"38-099";"PK";"8712987"
"9621929";"Bethany";"Cox";"Hooper";"278-9663 Faucibus Av.";"20";"8";"0";"10";"Istanbul";"413960";"Ist";"8712987"
"9624564";"Keefe";"Gay";"Mcmahon";"Apdo.:155-9114 Nec, Avenida";"135";"8";"0";"25";"Strasbourg";"I0 4VD";"Alsace";"8712987"
"9661279";"Urielle";"Hendrix";"Strickland";"6208 Phasellus Carretera";"234";"10";"2";"23";"Gdynia";"25289";"Pomorskie";"8712987"
"9679771";"Jaden";"Tyson";"Kelley";"338-3689 Dis Ctra.";"122";"1";"2";"5";"Des Moines";"CH30 6LM";"IA";"8712987"
"9694463";"Rama";"Lee";"Eaton";"8923 Nec C.";"79";"1";"2";"13";"Butte";"83305";"Montana";"8712987"
"9725665";"Chaney";"Poole";"Pruitt";"7665 Eu C/";"111";"5";"3";"28";"Galbiate";"14156";"Lombardia";"8712987"
"9735240";"Jermaine";"Kramer";"Wooten";"477-9777 Natoque C/";"136";"2";"2";"19";"Zielona Góra";"43795";"Lubuskie";"8712987"
"9743678";"Theodore";"Rich";"Lancaster";"529-9604 Eros. Carretera";"418";"7";"3";"8";"Vannes";"20496";"BR";"8712987"
"9875275";"Amaya";"Holt";"Kerr";"Apartado núm.: 369, 656 Duis C.";"263";"8";"1";"15";"Hawera";"01543";"North Island";"8712987"
"9888982";"Martin";"Rowe";"Key";"Apdo.:224-7440 Scelerisque, Carretera";"254";"2";"3";"29";"Kansas City";"20831";"Missouri";"8712987"
"9893030";"Madonna";"Becker";"Carr";"Apdo.:924-2025 In ";"49";"10";"2";"21";"Armidale";"4134";"NSW";"8712987"
"9893444";"Gemma";"Mercado";"Patrick";"Apdo.:395-5038 Ante. Avda.";"232";"1";"1";"12";"Goiânia";"52905";"GO";"8712987"
"9925161";"Christian";"Rush";"Osborne";"1647 Magna. Calle";"53";"5";"2";"27";"Kanpur";"619910";"UP";"8712987"
"9955069";"Cade";"Lucas";"Kidd";"445 Sem Avenida";"500";"5";"2";"7";"Notre-Dame-du-Nord";"L9L 4EF";"Quebec";"8712987"
"9984443";"Indigo";"Bryan";"Jones";"185-4707 Dolor, Av.";"351";"5";"0";"9";"Tarnów";"H3 5KT";"Malopolskie";"8712987"
